"class","order","family","genus","sci_name","atlantic","ne_pacific","nw_pacific","indian","mediterranean","s_pacific","alb_global_analysis","cclme_alb_diet","cclme_fed_saip_pre","cclme_frdcps","cclme_dfo","cclme_iys","atl_med_ind","pacific"
"Cephalopoda","Oegopsida","Enoploteuthidae","Abralia","Abralia redfieldi",1,0,0,0,0,0,1,0,0,0,0,0,1,0
"Cephalopoda","Oegopsida","Enoploteuthidae","Abralia","Abralia trigonura",0,0,0,0,0,0,0,0,0,0,0,0,0,1
"Cephalopoda","Oegopsida","Enoploteuthidae","Abraliopsis","Abraliopsis affinis",0,1,0,0,0,0,1,1,0,0,0,0,0,1
"Cephalopoda","Oegopsida","Enoploteuthidae","Abraliopsis","Abraliopsis felis",0,1,1,0,0,0,1,1,1,1,0,1,0,1
"Cephalopoda","Oegopsida","Enoploteuthidae","Abraliopsis","Abraliopsis gilchristi",1,0,0,0,0,0,1,0,0,0,0,0,1,0
"Cephalopoda","Oegopsida","Enoploteuthidae","Abraliopsis","Abraliopsis morisii",1,0,0,1,0,0,1,0,0,0,0,0,1,0
"Malacostraca","Decapoda","Acanthephyridae","Acanthephyra","Acanthephyra pelagica",1,0,0,0,0,0,1,0,0,0,0,0,1,0
"Actinopterygii","Perciformes","Scombridae","Acanthocybium","Acanthocybium solandri",0,0,0,0,0,0,0,0,0,0,0,0,0,1
"Actinopterygii","Perciformes","Acanthuridae","Acanthurus","Acanthurus triostegus",0,0,0,0,0,0,0,0,0,0,0,0,0,1
"Actinopterygii","Pleuronectiformes","Achiridae","Achirus","Achirus mazatlanus",0,0,0,0,0,0,0,0,0,0,0,0,0,1
"Hydrozoa","Narcomedusae","Aeginidae","Aegina","Aegina citrea",0,0,0,0,0,0,0,0,1,0,0,0,0,1
"Hydrozoa","Leptothecata","Aequoreidae","Aequorea","Aequorea victoria",0,0,0,0,0,0,0,0,1,0,0,0,0,1
"Actinopterygii","Scorpaeniformes","Agonidae","Agonopsis","Agonopsis sterletus",0,0,0,0,0,0,0,0,0,0,0,0,0,1
"Actinopterygii","Scorpaeniformes","Agonidae","Agonopsis","Agonopsis vulsa",0,0,0,0,0,0,0,0,1,1,1,0,0,1
"Actinopterygii","Aulopiformes","Notosudidae","Ahliesaurus","Ahliesaurus brevis",0,0,0,0,0,0,0,0,0,0,0,0,0,1
"Actinopterygii","Gadiformes","Macrouridae","Albatrossia","Albatrossia pectoralis",0,0,0,0,0,0,0,0,0,0,0,0,0,1
"Actinopterygii","Aulopiformes","Alepisauridae","Alepisaurus","Alepisaurus ferox",0,0,0,1,0,0,1,0,0,0,0,0,1,0
"Actinopterygii","Perciformes","Labrisomidae","Alloclinus","Alloclinus holderi",0,0,0,0,0,0,0,0,0,0,0,0,0,1
"Actinopterygii","Osmeriformes","Osmeridae","Allosmerus","Allosmerus elongatus",0,0,0,0,0,0,0,0,1,1,1,0,1,1
"Cephalopoda","Myopsida","Loliginidae","Alloteuthis","Alloteuthis subulata",0,0,0,0,1,0,1,0,0,0,0,0,1,0
"Elasmobranchii","Lamniformes","Alopiidae","Alopias","Alopias vulpinus",0,0,0,0,0,0,0,0,0,1,0,0,0,1
"Actinopterygii","Clupeiformes","Clupeidae","Alosa","Alosa sapidissima",0,0,0,0,0,0,0,0,1,1,1,0,0,1
"Malacostraca","Decapoda","Alpheidae","Alpheus","Alpheus glaber",1,0,0,0,0,0,1,0,0,0,0,0,1,0
"Actinopterygii","Perciformes","Amarsipidae","Amarsipus","Amarsipus carlsbergi",0,0,0,0,0,0,0,0,0,0,0,0,0,1
"Actinopterygii","Perciformes","Ammodytidae","Ammodytes","Ammodytes hexapterus",0,0,0,0,0,0,0,0,1,0,1,0,1,1
"Actinopterygii","Perciformes","Ammodytidae","Ammodytes","Ammodytes personatus",0,0,0,0,0,0,0,0,0,0,0,0,0,1
"Actinopterygii","Perciformes","Ammodytidae","Ammodytes","Ammodytes tobianus",0,1,0,0,0,0,1,0,0,0,0,0,0,1
"Actinopterygii","Perciformes","Ammodytidae","Ammodytoides","Ammodytoides gilli",0,0,0,0,0,0,0,0,0,0,0,0,0,1
"Actinopterygii","Perciformes","Ammodytidae","Ammodytoides","Ammodytoides pylei",0,0,0,0,0,0,0,0,0,0,0,0,0,1
"Actinopterygii","Perciformes","Anarhichadidae","Anarrhichthys","Anarrhichthys ocellatus",0,1,0,0,0,0,1,0,1,1,1,0,0,1
"Malacostraca","Amphipoda","Phrosinidae","Anchylomera","Anchylomera blossevillei",0,0,0,0,1,0,1,0,0,0,0,0,1,0
"Cephalopoda","Oegopsida","Ancistrocheiridae","Ancistrocheirus","Ancistrocheirus lesueurii",1,0,0,1,1,0,1,0,0,0,0,0,1,0
"Cephalopoda","Oegopsida","Onychoteuthidae","Ancistrocheirus","Ancistroteuthis lichtensteinii",1,0,0,0,1,0,1,0,0,0,0,0,1,0
"Actinopterygii","Scorpaeniformes","Anoplopomatidae","Anoplopoma","Anoplopoma fimbria",0,1,0,0,0,0,1,0,1,1,1,0,0,1
"Actinopterygii","Aulopiformes","Anotopteridae","Anotopterus","Anotopterus nikparini",0,1,0,0,0,0,1,1,0,1,0,0,0,1
"Actinopterygii","Aulopiformes","Anotopteridae","Anotopterus","Anotopterus pharao",1,1,0,0,0,0,1,0,0,0,0,0,1,1
"Actinopterygii","Perciformes","Caproidae","Antigonia","Antigonia capros",1,0,0,0,0,0,1,0,0,0,0,0,1,1
"Actinopterygii","Gadiformes","Moridae","Antimora","Antimora rostrata",1,0,0,0,0,0,1,0,0,0,0,0,1,0
"Actinopterygii","Aulopiformes","Paralepididae","Arctozenus","Arctozenus risso",1,0,0,0,0,0,1,0,0,0,0,0,1,0
"Actinopterygii","Argentiniformes","Argentinidae","Argentina","Argentina sialis",0,0,0,0,0,0,0,0,1,1,0,0,0,1
"Cephalopoda","Octopoda","Argonautidae","Argonauta","Argonauta argo",1,1,0,1,1,0,1,1,1,1,0,0,1,1
"Cephalopoda","Octopoda","Argonautidae","Argonauta","Argonauta nodosus",1,0,0,0,0,1,1,0,0,0,0,0,1,1
"Cephalopoda","Octopoda","Argonautidae","Argonauta","Argonauta nouryi",0,1,0,0,0,0,1,0,0,0,0,0,0,1
"Actinopterygii","Stomiiformes","Sternoptychidae","Argyropelecus","Argyropelecus aculeatus",0,0,0,1,0,0,1,0,0,0,0,0,1,0
"Actinopterygii","Stomiiformes","Sternoptychidae","Argyropelecus","Argyropelecus hemigymnus",0,0,0,0,0,0,0,0,0,0,0,0,0,1
"Actinopterygii","Stomiiformes","Sternoptychidae","Argyropelecus","Argyropelecus olfersii",1,0,0,0,0,0,1,0,0,0,0,0,1,0
"Actinopterygii","Stomiiformes","Sternoptychidae","Argyropelecus","Argyropelecus sladeni",0,0,0,0,0,0,0,0,0,1,0,0,0,1
"Actinopterygii","Stomiiformes","Stomiidae","Aristostomias","Aristostomias scintillans",0,0,0,0,0,0,0,0,1,1,0,0,0,1
"Actinopterygii","Pleuronectiformes","Bothidae","Arnoglossus","Arnoglossus imperialis",1,0,0,0,0,0,1,0,0,0,0,0,1,0
"Actinopterygii","Ateleopodiformes","Ateleopodidae","Ateleopus","Ateleopus natalensis",0,0,0,1,0,0,1,0,0,0,0,0,1,0
"Actinopterygii","Pleuronectiformes","Pleuronectidae","Atheresthes","Atheresthes stomias",0,0,0,0,0,0,0,0,1,1,0,0,0,1
"Actinopterygii","Atheriniformes","Atherinopsidae","Atherinops","Atherinops affinis",0,0,0,0,0,0,0,0,1,0,0,0,0,1
"Actinopterygii","Atheriniformes","Atherinidae","Atherinopsis","Atherinopsis californiensis",0,1,0,0,0,0,1,1,1,1,0,0,0,1
"Gastropoda","Littorinimorpha","Atlantidae","Atlanta","Atlanta peronii",1,0,0,0,0,0,1,0,0,0,0,0,1,0
"Malacostraca","Amphipoda","Atylidae","Atylus","Atylus tridens",0,0,0,0,0,0,0,0,0,0,0,0,0,1
"Scyphozoa","Semaeostomeae","Ulmaridae","Aurelia","Aurelia aurita",0,0,0,0,0,0,0,0,0,1,0,0,0,1
"Scyphozoa","Semaeostomeae","Ulmaridae","Aurelia","Aurelia labiata",0,0,0,0,0,0,0,0,0,1,0,1,0,1
"Actinopterygii","Anguilliformes","Nemichthyidae","Avocettina","Avocettina infans",0,0,0,0,0,0,0,0,0,1,0,0,0,1
"Malacostraca","Decapoda","Axiidae","Axius","Axius stirynchus",1,0,0,0,0,0,1,0,0,0,0,0,1,0
"Actinopterygii","Tetraodontiformes","Balistidae","Balistes","Balistes punctatus",0,0,0,1,0,0,1,0,0,0,0,0,1,0
"Actinopterygii","Ophidiiformes","Aphyonidae","Barathronus","Barathronus parfaiti",1,0,0,0,0,0,1,0,0,0,0,0,1,0
"Actinopterygii","Stomiiformes","Stomiidae","Bathophilus","Bathophilus flemingi",0,1,0,0,0,0,1,0,1,1,0,0,0,1
"Actinopterygii","Scorpaeniformes","Agonidae","Bathyagonus","Bathyagonus nigripinnis",0,0,0,0,0,0,0,0,1,0,0,0,0,1
"Actinopterygii","Scorpaeniformes","Agonidae","Bathyagonus","Bathyagonus pentacanthus",0,1,0,0,0,0,1,1,0,0,0,0,0,1
"Actinopterygii","Argentiniformes","Bathylagidae","Bathylagoides","Bathylagoides wesethi",0,1,0,0,0,0,1,0,0,1,0,0,0,1
"Elasmobranchii","Rajiformes","Arhynchobatidae","Bathyraja","Bathyraja interrupta",0,0,0,0,0,0,0,0,0,0,0,0,0,1
"Actinopterygii","Beloniformes","Belonidae","Belone","Belone belone",1,0,0,0,0,0,1,0,0,0,0,0,1,0
"Malacostraca","Decapoda","Benthesicymidae","Bentheogennema","Bentheogennema burkenroadi",0,0,0,0,0,0,0,0,1,0,0,0,0,1
"Actinopterygii","Myctophiformes","Myctophidae","Benthosema","Benthosema glaciale",1,0,0,0,0,0,1,0,0,0,0,0,1,0
"Elasmobranchii","Rajiformes","Rajidae","Beringraja","Beringraja binoculata",0,0,0,0,0,0,0,0,1,0,0,0,0,1
"Nuda","Beroida","Beroidae","Beroe","Beroe abyssicola",0,0,0,0,0,0,0,0,1,0,0,0,0,1
"Nuda","Beroida","Beroidae","Beroe","Beroe gracilis",0,0,0,0,0,0,0,0,0,0,0,0,1,1
"Cephalopoda","Oegopsida","Gonatidae","Berryteuthis","Berryteuthis anonychus",0,1,0,0,0,0,1,0,0,1,0,0,0,1
"Cephalopoda","Oegopsida","Gonatidae","Berryteuthis","Berryteuthis magister",0,0,0,0,0,0,0,0,0,1,0,0,0,1
"Actinopterygii","Beryciformes","Berycidae","Beryx","Beryx splendens",0,0,0,1,0,0,1,0,0,0,0,0,1,0
"Actinopterygii","Perciformes","Blenniidae","Blennius","Blennius ocellaris",1,0,0,0,0,0,1,0,0,0,0,0,1,0
"Tentaculata","Lobata","Bolinopsidae","Bolinopsis","Bolinopsis infundibulum",0,0,0,0,0,0,0,0,0,0,0,0,1,1
"Actinopterygii","Perciformes","Sparidae","Boops","Boops boops",1,0,0,0,0,0,1,0,0,0,0,0,1,0
"Actinopterygii","Perciformes","Zoarcidae","Bothrocara","Bothrocara molle",0,0,0,0,0,0,0,0,0,0,0,0,0,1
"Cephalopoda","Oegopsida","Brachioteuthidae","Brachioteuthis","Brachioteuthis riisei",1,0,0,0,0,0,1,0,0,0,0,0,1,0
"Malacostraca","Amphipoda","Brachyscelidae","Brachyscelus","Brachyscelus crusculum",1,0,1,1,1,1,1,0,0,0,0,0,1,1
"Malacostraca","Amphipoda","Brachyscelidae","Brachyscelus","Brachyscelus macrocephalus",0,1,0,0,0,0,1,0,0,0,0,0,0,1
"Actinopterygii","Perciformes","Bramidae","Brama","Brama brama",0,1,0,0,0,0,1,0,0,0,0,0,1,1
"Actinopterygii","Perciformes","Bramidae","Brama","Brama japonica",0,0,0,0,0,0,0,0,1,1,0,0,0,1
"Actinopterygii","Perciformes","Bramidae","Brama","Brama orcini",1,1,0,0,0,0,1,0,0,0,0,0,1,1
"Actinopterygii","Gadiformes","Bregmacerotidae","Bregmaceros","Bregmaceros mcclellandi",1,0,0,0,0,0,1,0,0,0,0,0,1,0
"Hexanauplia","Calanoida","Calanidae","Calanus","Calanus finmarchicus",1,0,0,0,0,0,1,0,0,0,0,0,1,0
"Malacostraca","Decapoda","Cancridae","Cancer","Cancer productus",0,0,0,0,0,0,0,0,1,0,0,0,0,1
"Actinopterygii","Tetraodontiformes","Balistidae","Canthidermis","Canthidermis maculata",0,0,0,1,0,0,1,0,0,0,0,0,1,1
"Actinopterygii","Perciformes","Caproidae","Capros","Capros aper",1,0,0,0,1,0,1,0,0,0,0,0,1,0
"Gastropoda","Littorinimorpha","Carinariidae","Carinaria","Carinaria lamarckii",1,1,0,0,0,0,1,0,0,0,0,0,1,1
"Actinopterygii","Perciformes","Malacanthidae","Caulolatilus","Caulolatilus princeps",0,0,0,0,0,0,0,0,0,1,0,0,0,1
"Actinopterygii","Perciformes","Centrolophidae","Centrolophus","Centrolophus niger",1,0,0,0,0,0,1,0,0,0,0,0,1,0
"Actinopterygii","Lophiiformes","Ceratiidae","Ceratias","Ceratias tentaculatus",0,0,0,1,0,0,1,0,0,0,0,0,1,0
"Actinopterygii","Myctophiformes","Myctophidae","Ceratoscopelus","Ceratoscopelus maderensis",1,0,0,0,0,0,1,0,0,0,0,0,1,0
"Actinopterygii","Myctophiformes","Myctophidae","Ceratoscopelus","Ceratoscopelus townsendi",0,1,0,0,0,0,1,1,1,1,0,0,1,1
"Actinopterygii","Myctophiformes","Myctophidae","Ceratoscopelus","Ceratoscopelus warmingii",0,0,1,0,0,0,1,0,0,0,0,0,0,1
"Actinopterygii","Stomiiformes","Stomiidae","Chauliodus","Chauliodus macouni",0,0,0,0,0,0,0,0,0,0,0,0,0,1
"Actinopterygii","Beloniformes","Exocoetidae","Cheilopogon","Cheilopogon pinnatibarbatus pinnatibarbatus",0,0,0,0,0,0,0,1,0,1,0,0,0,1
"Hydrozoa","Siphonophorae","Diphyidae","Chelophyes","Chelophyes appendiculata",1,0,0,0,0,0,1,0,0,0,0,0,1,0
"Actinopterygii","Perciformes","Chiasmodontidae","Chiasmodon","Chiasmodon niger",0,1,0,1,0,0,1,0,0,0,0,0,1,1
"Actinopterygii","Ophidiiformes","Ophidiidae","Chilara","Chilara taylori",0,1,0,0,0,0,1,1,0,0,0,0,0,1
"Cephalopoda","Oegopsida","Chiroteuthidae","Chiroteuthis","Chiroteuthis calyx",0,0,0,0,0,0,0,0,1,1,0,1,0,1
"Cephalopoda","Oegopsida","Chiroteuthidae","Chiroteuthis","Chiroteuthis veranii",1,0,0,0,1,0,1,0,0,0,0,0,1,0
"Actinopterygii","Aulopiformes","Chlorophthalmidae","Chlorophthalmus","Chlorophthalmus agassizi",1,0,0,0,0,0,1,0,0,0,0,0,1,0
"Actinopterygii","Perciformes","Pomacentridae","Chromis","Chromis punctipinnis",0,1,0,0,0,0,1,0,0,0,0,0,0,1
"Scyphozoa","Semaeostomeae","Pelagiidae","Chrysaora","Chrysaora colorata",0,0,0,0,0,0,0,0,1,1,0,0,0,1
"Scyphozoa","Semaeostomeae","Pelagiidae","Chrysaora","Chrysaora fuscescens",0,0,0,0,0,0,0,0,1,1,0,0,0,1
"Scyphozoa","Semaeostomeae","Pelagiidae","Chrysaora","Chrysaora melanaster",0,0,0,0,0,0,0,0,0,1,0,1,0,1
"Cephalopoda","Bathyteuthida","Chtenopterygidae","Chtenopteryx","Chtenopteryx sicula",1,0,0,0,0,0,1,0,0,0,0,0,1,0
"Actinopterygii","Pleuronectiformes","Paralichthyidae","Citharichthys","Citharichthys sordidus",0,1,0,0,0,0,1,1,1,1,1,0,0,1
"Actinopterygii","Pleuronectiformes","Paralichthyidae","Citharichthys","Citharichthys stigmaeus",0,0,0,0,0,0,0,0,1,1,0,0,0,1
"Hexanauplia","Calanoida","Clausocalanidae","Clausocalanus","Clausocalanus furcatus",0,0,0,1,0,0,1,0,0,0,0,0,1,0
"Actinopterygii","Scorpaeniformes","Cottidae","Clinocottu","Clinocottus acuticeps",0,0,0,0,0,0,0,0,1,0,0,0,0,1
"Gastropoda","Pteropoda","Cliidae","Cilo","Clio pyramidata",1,0,0,0,0,0,1,0,1,0,0,0,1,1
"Gastropoda","Pteropoda","Clionidae","Clione","Clione antarctica",0,0,0,0,0,0,0,0,0,0,0,0,1,0
"Gastropoda","Pteropoda","Clionidae","Clione","Clione limacina",0,0,0,0,0,0,0,0,0,0,0,0,1,1
"Actinopterygii","Clupeiformes","Clupeidae","Clupea","Clupea pallasii",0,1,0,0,0,0,1,0,1,1,1,0,0,1
"Actinopterygii","Beloniformes","Scomberesocidae","Cololabis","Cololabis saira",0,1,0,0,0,0,1,1,1,1,0,0,0,1
"Actinopterygii","Anguilliformes","Congridae","Congriscus","Congriscus megastoma",0,0,0,0,0,0,0,0,1,1,0,0,0,1
"Actinopterygii","Perciformes","Priacanthidae","Cookeolus","Cookeolus japonicus",0,0,0,1,0,0,1,0,0,0,0,0,1,0
"Gastropoda","Pteropoda","Cymbuliidae","Corolla","Corolla spectabilis",0,0,0,0,0,0,0,0,0,1,0,0,0,1
"Actinopterygii","Perciformes","Coryphaenidae","Coryphaena","Coryphaena hippurus",0,1,0,0,0,0,1,0,0,0,0,0,0,1
"Hexanauplia","Calanoida","Calanidae","Cosmocalanus","Cosmocalanus darwinii darwinii",0,0,0,0,0,0,0,0,0,0,0,0,0,1
"Cephalopoda","Oegopsida","Cranchiidae","Cranchia","Cranchia scabra",1,1,0,1,0,0,1,1,1,1,0,0,1,1
"Malacostraca","Decapoda","Crangonidae","Crangon","Crangon nigricauda",0,0,0,0,0,0,0,0,1,0,0,0,0,1
"Actinopterygii","Perciformes","Nomeidae","Cubiceps","Cubiceps capensis",1,0,0,1,0,0,1,0,0,0,0,0,1,0
"Actinopterygii","Perciformes","Nomeidae","Cubiceps","Cubiceps gracilis",1,1,0,0,0,0,1,0,0,0,0,0,1,1
"Actinopterygii","Perciformes","Nomeidae","Cubiceps","Cubiceps pauciradiatus",1,0,0,1,0,0,1,0,0,0,0,0,1,0
"Scyphozoa","Semaeostomeae","Cyaneidae","Cyanea","Cyanea capillata",0,0,0,0,0,0,0,0,1,1,0,0,1,1
"Actinopterygii","Perciformes","Embiotocidae","Cymatogaster","Cymatogaster aggregata",0,1,0,0,0,0,1,0,0,0,0,0,0,1
"Malacostraca","Amphipoda","Cyphocarididae","Cyphocaris","Cyphocaris faurei",1,0,0,1,0,0,1,0,0,0,0,0,1,0
"Actinopterygii","Scorpaeniformes","Dactylopteridae","Dactyloptena","Dactyloptena orientalis",0,0,0,1,0,0,1,0,0,0,0,0,1,0
"Actinopterygii","Myctophiformes","Myctophidae","Dasyscopelus","Dasyscopelus asper",0,0,0,1,0,0,1,0,0,0,0,0,1,1
"Actinopterygii","Perciformes","Carangidae","Decapterus","Decapterus macarellus",0,0,0,1,0,0,1,0,0,0,0,0,1,1
"Actinopterygii","Perciformes","Carangidae","Decapterus","Decapterus macrosoma",0,0,0,1,0,0,1,0,0,0,0,0,1,1
"Actinopterygii","Lampriformes","Trachipteridae","Desmodema","Desmodema lorum",0,0,0,0,0,0,0,0,0,1,0,0,0,1
"Actinopterygii","Lampriformes","Trachipteridae","Desmodema","Desmodema polystictum",0,1,0,0,0,0,1,0,0,0,0,0,0,1
"Actinopterygii","Myctophiformes","Myctophidae","Diaphus","Diaphus effulgens",1,0,0,1,0,0,1,0,0,0,0,0,1,0
"Actinopterygii","Myctophiformes","Myctophidae","Diaphus","Diaphus lucidus",1,0,0,1,0,0,1,0,0,0,0,0,1,0
"Actinopterygii","Myctophiformes","Myctophidae","Diaphus","Diaphus luetkeni",1,0,0,0,0,0,1,0,0,0,0,0,1,0
"Actinopterygii","Myctophiformes","Myctophidae","Diaphus","Diaphus ostenfeldi",1,0,0,0,0,0,1,0,0,0,0,0,1,0
"Actinopterygii","Myctophiformes","Myctophidae","Diaphus","Diaphus perspicillatus",0,0,0,1,0,0,1,0,0,0,0,0,1,1
"Actinopterygii","Myctophiformes","Myctophidae","Diaphus","Diaphus theta",0,1,1,0,0,0,1,1,1,1,0,1,0,1
"Actinopterygii","Perciformes","Sparidae","Diplodus","Diplodus sargus",1,0,0,0,0,0,1,0,0,0,0,0,1,0
"Actinopterygii","Perciformes","Gempylidae","Diplospinus","Diplospinus multistriatus",1,0,0,0,0,0,1,0,0,0,0,0,1,1
"Actinopterygii","Beryciformes","Diretmidae","Diretmus","Diretmus argenteus",1,0,0,1,0,0,1,0,0,0,0,0,1,1
"Cephalopoda","Myopsida","Loliginidae","Doryteuthis","Doryteuthis opalescens",0,1,0,0,0,0,1,1,1,1,0,0,0,1
"Cephalopoda","Oegopsida","Ommastrephidae","Dosidicus","Dosidicus gigas",0,1,0,0,0,0,1,1,1,1,0,0,0,1
"Malacostraca","Stomatopoda","Protosquillidae","Echinosquilla","Echinosquilla guerinii",0,1,0,0,0,0,1,0,0,0,0,0,0,1
"Actinopterygii","Myctophiformes","Myctophidae","Electrona","Electrona risso",0,0,0,0,0,0,0,0,0,0,0,0,0,1
"Cephalopoda","Octopoda","Eledonidae","Eledone","Eledone cirrhosa",1,0,0,0,1,0,1,0,0,0,0,0,1,0
"Actinopterygii","Pleuronectiformes","Pleuronectidae","Embassichthys","Embassichthys bathybius",0,0,0,0,0,0,0,0,1,0,0,0,0,1
"Actinopterygii","Clupeiformes","Engraulidae","Engraulis","Engraulis capensis",1,0,0,0,0,0,1,0,0,0,0,0,1,0
"Actinopterygii","Clupeiformes","Engraulidae","Engraulis","Engraulis encrasicolus",1,0,0,0,1,0,1,0,0,0,0,0,1,0
"Actinopterygii","Clupeiformes","Engraulidae","Engraulis","Engraulis japonicus",0,0,1,0,0,0,1,0,0,0,0,0,0,1
"Actinopterygii","Clupeiformes","Engraulidae","Engraulis","Engraulis mordax",0,1,0,0,0,0,1,1,1,1,1,0,0,1
"Actinopterygii","Syngnathiformes","Syngnathidae","Entelurus","Entelurus aequoreus",1,0,0,0,0,0,1,0,0,0,0,0,1,0
"Petromyzonti","Petromyzontiformes","Petromyzontidae","Entosphenus","Entosphenus tridentatus",0,0,0,0,0,0,0,0,1,1,0,0,0,1
"Actinopterygii","Pleuronectiformes","Pleuronectidae","Eopsetta","Eopsetta jordani",0,0,0,0,0,0,0,0,1,0,0,0,0,1
"Myxini","Myxiniformes","Myxinidae","Eptatretus","Eptatretus stoutii",0,0,0,0,0,0,0,0,0,1,0,0,0,1
"Cephalopoda","Oegopsida","Ommastrephidae","Eucleoteuthis","Eucleoteuthis luminosa",0,1,0,1,0,0,1,1,0,1,0,0,1,1
"Malacostraca","Euphausiacea","Euphausiidae","Euphausia","Euphausia gibboides",0,0,0,0,0,0,0,0,0,0,0,0,0,1
"Malacostraca","Euphausiacea","Euphausiidae","Euphausia","Euphausia mutica",0,0,0,0,0,0,0,0,0,0,0,0,0,1
"Malacostraca","Euphausiacea","Euphausiidae","Euphausia","Euphausia pacifica",0,1,0,0,0,0,1,1,0,0,0,1,0,1
"Malacostraca","Euphausiacea","Euphausiidae","Euphausia","Euphausia recurva",0,0,0,0,0,0,0,0,0,0,0,0,0,1
"Malacostraca","Decapoda","Sergestidae","Eusergestes","Eusergestes arcticus",1,0,0,0,0,0,1,0,0,0,0,0,1,0
"Malacostraca","Decapoda","Sergestidae","Eusergestes","Eusergestes similis",0,1,0,0,0,0,1,1,0,0,0,0,0,1
"Actinopterygii","Scorpaeniformes","Triglidae","Eutrigla","Eutrigla gurnardus",1,0,0,0,0,0,1,0,0,0,0,0,1,0
"Malacostraca","Decapoda","Pinnotheridae","Fabia","Fabia subquadrata",0,0,0,0,0,0,0,0,1,0,0,0,0,1
"Hexanauplia","Cyclopoida","Corycaeidae","Farranula","Farranula gibbula",0,0,0,1,0,0,1,0,0,0,0,0,1,0
"Malacostraca","Decapoda","Penaeidae","Funchalia","Funchalia taaningi",1,0,0,1,0,0,1,0,0,0,0,0,1,0
"Malacostraca","Decapoda","Penaeidae","Funchalia","Funchalia woodwardi",1,0,0,0,0,0,1,0,0,0,0,0,1,0
"Actinopterygii","Gadiformes","Gadidae","Gadus","Gadus chalcogrammus",0,0,0,0,0,0,0,0,0,1,0,0,0,1
"Actinopterygii","Gadiformes","Gadidae","Gadus","Gadus macrocephalus",0,0,0,0,0,0,0,0,0,1,0,0,0,1
"Actinopterygii","Gadiformes","Lotidae","Gaidropsarus","Gaidropsarus vulgaris",1,0,0,0,0,0,1,0,0,0,0,0,1,0
"Elasmobranchii","Carcharhiniformes","Triakidae","Galeorhinus","Galeorhinus galeus",0,0,0,0,0,0,0,0,0,1,1,0,0,1
"Cephalopoda","Oegopsida","Cranchiidae","Galiteuthis","Galiteuthis armata",1,0,0,0,0,0,1,0,0,0,0,0,1,0
"Cephalopoda","Oegopsida","Cranchiidae","Galiteuthis","Galiteuthis phyllura",0,1,0,0,0,0,1,0,0,0,0,0,0,1
"Actinopterygii","Gasterosteiformes","Gasterosteidae","Gasterosteus","Gasterosteus aculeatus",0,0,0,0,0,0,0,0,0,1,0,0,0,1
"Actinopterygii","Perciformes","Gempylidae","Gempylus","Gempylus serpens",0,1,0,1,0,0,1,0,0,0,0,0,1,1
"Malacostraca","Decapoda","Benthesicymidae","Gennadas","Gennadas elegans",1,0,0,0,0,0,1,0,0,0,0,0,1,0
"Actinopterygii","Perciformes","Sciaenidae","Genyonemus","Genyonemus lineatus",0,0,0,0,0,0,0,0,0,0,0,0,0,1
"Actinopterygii","Pleuronectiformes","Pleuronectidae","Glyptocephalus","Glyptocephalus zachirus",0,1,0,0,0,0,1,0,1,1,1,0,0,1
"Actinopterygii","Anguilliformes","Congridae","Gnathophis","Gnathophis cinctus",0,0,0,0,0,0,0,0,0,1,0,0,0,1
"Cephalopoda","Oegopsida","Gonatidae","Gonatopsis","Gonatopsis borealis",0,1,1,0,0,0,1,1,1,1,0,0,0,1
"Cephalopoda","Oegopsida","Gonatidae","Gonatus","Gonatus berryi",0,0,1,0,0,0,1,0,0,1,0,0,0,1
"Cephalopoda","Oegopsida","Gonatidae","Gonatus","Gonatus californiensis",0,1,0,0,0,0,1,1,0,0,0,0,0,1
"Cephalopoda","Oegopsida","Gonatidae","Gonatus","Gonatus onyx",0,1,0,0,0,0,1,1,1,1,0,1,0,1
"Cephalopoda","Oegopsida","Gonatidae","Gonatus","Gonatus pyros",0,1,0,0,0,0,1,1,0,1,0,0,0,1
"Cephalopoda","Oegopsida","Gonatidae","Gonatus","Gonatus steenstrupi",1,1,0,0,0,0,1,0,0,0,0,0,1,1
"Cephalopoda","Oegopsida","Chiroteuthidae","Grimalditeuthis","Grimalditeuthis bonplandi",0,0,0,1,0,0,1,0,0,0,0,0,1,1
"Actinopterygii","Perciformes","Labridae","Halichoeres","Halichoeres nicholsi",0,1,0,0,0,0,1,0,0,0,0,0,0,1
"Cephalopoda","Octopoda","Alloposidae","Haliphron","Haliphron atlanticus",1,0,0,0,0,0,1,0,0,1,0,0,1,1
"Cephalopoda","Oegopsida","Cranchiidae","Heliococranchia","Helicocranchia pfefferi",1,0,0,0,0,0,1,0,0,0,0,0,1,0
"Actinopterygii","Scorpaeniformes","Sebastidae","Heliocolenus","Helicolenus dactylopterus",1,0,0,0,0,0,1,0,0,0,0,0,1,0
"Actinopterygii","Scorpaeniformes","Cottidae","Hemilepidotus","Hemilepidotus hemilepidotus",0,0,0,0,0,0,0,0,1,0,0,0,0,1
"Actinopterygii","Scorpaeniformes","Cottidae","Hemilepidotus","Hemilepidotus spinosus",0,0,0,0,0,0,0,0,1,0,0,0,0,1
"Malacostraca","Decapoda","Pandalidae","Heterocarpus","Heterocarpus laevigatus",1,0,0,1,0,0,1,0,0,0,0,0,1,0
"Cephalopoda","Sepiida","Sepiolidae","Heteroteuthis","Heteroteuthis (Heteroteuthis) dispar",1,0,0,0,1,0,1,0,0,0,0,0,1,0
"Actinopterygii","Pleuronectiformes","Paralichthyidae","Hippoglossina","Hippoglossina stomata",0,0,0,0,0,0,0,1,0,0,0,0,0,1
"Actinopterygii","Pleuronectiformes","Pleuronectidae","Hippoglossoides","Hippoglossoides elassodon",0,0,0,0,0,0,0,0,1,1,0,0,0,1
"Cephalopoda","Oegopsida","Histioteuthidae","Histioteuthis","Histioteuthis bonnellii",1,0,0,0,1,0,1,0,0,0,0,0,1,0
"Cephalopoda","Oegopsida","Histioteuthidae","Histioteuthis","Histioteuthis heteropsis",0,1,0,0,0,0,1,1,0,1,0,0,0,1
"Cephalopoda","Oegopsida","Histioteuthidae","Histioteuthis","Histioteuthis meleagroteuthis",0,0,0,1,0,0,1,0,0,0,0,0,1,0
"Cephalopoda","Oegopsida","Histioteuthidae","Histioteuthis","Histioteuthis reversa",1,0,0,0,1,0,1,0,0,0,0,0,1,0
"Malacostraca","Mysida","Mysidae","Holmesimysis","Holmesimysis sculpta",0,0,0,0,0,0,0,0,0,0,0,0,0,1
"Tentaculata","Cydippida","Pleurobrachiidae","Hormiphora","Hormiphora cucumis",0,0,0,0,0,0,0,0,0,1,0,1,0,1
"Cephalopoda","Oegopsida","Ommastrephidae","Hyaloteuthis","Hyaloteuthis pelagica",0,0,0,0,0,1,1,0,0,0,0,0,0,1
"Holocephali","Chimaeriformes","Chimaeridae","Hydrolagus","Hydrolagus colliei",0,0,0,0,0,0,0,0,0,1,1,0,0,1
"Actinopterygii","Myctophiformes","Myctophidae","Hygophum","Hygophum hygomii",1,0,0,0,0,0,1,0,0,0,0,0,1,1
"Actinopterygii","Myctophiformes","Myctophidae","Hygophum","Hygophum reinhardtii",0,0,0,0,0,0,0,0,0,1,0,0,0,1
"Malacostraca","Amphipoda","Hyperiidae","Hyperia","Hyperia galba",1,0,0,0,0,0,1,0,0,0,0,0,1,1
"Actinopterygii","Osmeriformes","Osmeridae","Hypomesus","Hypomesus pretiosus",0,0,0,0,0,0,0,0,0,1,0,0,0,1
"Actinopterygii","Perciformes","Centrolophidae","Icichthys","Icichthys lockingtoni",0,1,0,0,0,0,1,1,1,1,1,1,0,1
"Actinopterygii","Perciformes","Icosteidae","Icosteus","Icosteus aenigmaticus",0,0,0,0,0,0,0,0,1,1,1,0,0,1
"Actinopterygii","Stomiiformes","Stomiidae","Idiacanthus","Idiacanthus antrostomus",0,0,0,0,0,0,0,0,1,1,0,0,0,1
"Malacostraca","Isopoda","Idoteidae","Idotea","Idotea metallica",1,0,0,0,0,0,1,0,0,0,0,0,1,0
"Cephalopoda","Oegopsida","Ommastrephidae","Illex","Illex argentinus",1,0,0,0,0,0,1,0,0,0,0,0,1,0
"Cephalopoda","Oegopsida","Ommastrephidae","Illex","Illex coindetii",0,0,0,0,1,0,1,0,0,0,0,0,1,0
"Actinopterygii","Pleuronectiformes","Pleuronectidae","Isopsetta","Isopsetta isolepis",0,0,0,0,0,0,0,0,1,0,0,0,0,1
"Actinopterygii","Pleuronectiformes","Pleuronectidae","Isopsetta","Isopsetta lepidopsetta",0,0,0,0,0,0,0,0,0,0,0,0,0,1
"Malacostraca","Decapoda","Oplophoridae","Janicella","Janicella spinicauda",0,0,0,1,0,0,1,0,0,0,0,0,1,0
"Gastropoda","Caenogastropoda","Epitoniodea","Janthina","Janthina exigua",1,0,0,0,0,0,1,0,0,0,0,0,1,0
"Cephalopoda","Octopoda","Amphitretidae","Japetella","Japetella diaphana",1,0,0,1,0,0,1,0,0,1,0,0,1,1
"Cephalopoda","Octopoda","Amphitretidae","Japetella","Japetella heathi",0,1,0,0,0,1,1,1,1,0,0,0,0,1
"Actinopterygii","Perciformes","Scombridae","Katsuwonus","Katsuwonus pelamis",0,1,0,0,0,0,1,0,0,0,0,0,1,1
"Actinopterygii","Tetraodontiformes","Ostraciidae","Lactoria","Lactoria diaphana",0,1,0,0,0,0,1,0,0,0,0,0,0,1
"Actinopterygii","Tetraodontiformes","Tetraodontidae","Lagocephalus","Lagocephalus lagocephalus",0,0,0,1,0,0,1,0,0,0,0,0,1,0
"Elasmobranchii","Lamniformes","Lamnidae","Lamna","Lamna ditropis",0,0,0,0,0,0,0,0,0,1,1,0,0,1
"Actinopterygii","Myctophiformes","Myctophidae","Lampadena","Lampadena luminosa",0,0,0,1,0,0,1,0,0,0,0,0,1,0
"Actinopterygii","Myctophiformes","Myctophidae","Lampadena","Lampadena urophaos",0,0,0,0,0,0,0,0,1,0,0,0,0,1
"Actinopterygii","Myctophiformes","Myctophidae","Lampanyctodes","Lampanyctodes hectoris",1,0,0,0,0,0,1,0,0,0,0,0,1,1
"Actinopterygii","Myctophiformes","Myctophidae","Lampanyctus","Lampanyctus alatus",1,0,0,0,0,0,1,0,0,0,0,0,1,0
"Actinopterygii","Myctophiformes","Myctophidae","Lampanyctus","Lampanyctus crocodilus",1,0,0,0,0,0,1,0,0,0,0,0,1,0
"Actinopterygii","Myctophiformes","Myctophidae","Lampanyctus","Lampanyctus intricarius",1,0,0,0,0,0,1,0,0,0,0,0,1,0
"Actinopterygii","Myctophiformes","Myctophidae","Lampanyctus","Lampanyctus regalis",0,1,0,0,0,0,1,0,1,1,0,0,0,1
"Actinopterygii","Myctophiformes","Myctophidae","Lampanyctus","Lampanyctus ritteri",0,1,0,0,0,0,1,1,1,1,0,0,0,1
"Actinopterygii","Lampriformes","Lampridae","Lampris","Lampris guttatus",0,0,0,0,0,0,0,0,0,1,0,0,0,1
"Malacostraca","Amphipoda","Lanceolidae","Lanceola","Lanceola sayana",1,0,0,0,0,0,1,0,0,0,0,0,1,0
"Cephalopoda","Oegopsida","Cranchiidae","Leachia","Leachia pacifica",0,0,0,0,0,0,0,0,0,1,0,0,0,1
"Actinopterygii","Perciformes","Gempylidae","Lepidocybium","Lepidocybium flavobrunneum",0,0,0,1,0,0,1,0,0,0,0,0,1,1
"Actinopterygii","Perciformes","Gobiidae","Lepidogobius","Lepidogobius lepidus",0,0,0,0,0,0,0,0,0,0,0,0,0,1
"Actinopterygii","Pleuronectiformes","Pleuronectidae","Lepidopsetta","Lepidopsetta bilineata",0,0,0,0,0,0,0,0,1,1,0,0,0,1
"Malacostraca","Amphipoda","Oxycephalidae","Leptocotis","Leptocotis tenuirostris",0,0,1,0,0,0,1,0,0,0,0,0,0,1
"Actinopterygii","Scorpaeniformes","Cottidae","Leptocottus","Leptocottus armatus",0,0,0,0,0,0,0,0,0,1,0,0,0,1
"Actinopterygii","Aulopiformes","Paralepididae","Lestidiops","Lestidiops ringens",0,1,0,0,0,0,1,1,1,1,0,1,0,1
"Actinopterygii","Aulopiformes","Paralepididae","Lestidiops","Lestidiops similis",0,0,0,1,0,0,1,0,0,0,0,0,1,0
"Actinopterygii","Aulopiformes","Paralepididae","Lestidiops","Lestidiops sphyrenoides",1,0,0,0,0,0,1,0,0,0,0,0,1,0
"Actinopterygii","Aulopiformes","Paralepididae","Lestrolepis","Lestrolepis intermedia",1,0,0,1,0,0,1,0,0,0,0,0,1,0
"Actinopterygii","Argentiniformes","Bathylagidae","Leuroglossus","Leuroglossus schmidti",0,0,0,0,0,0,0,0,1,0,0,0,0,1
"Actinopterygii","Argentiniformes","Bathylagidae","Leuroglossus","Leuroglossus stilbius",0,1,0,0,0,0,1,0,1,1,0,0,0,1
"Cephalopoda","Oegopsida","Cranchiidae","Liocranchia","Liocranchia reinhardtii",1,0,0,0,0,0,1,0,0,0,0,0,1,0
"Actinopterygii","Scorpaeniformes","Liparidae","Liparis","Liparis fucensis",0,0,0,0,0,0,0,0,1,0,0,0,0,1
"Actinopterygii","Scorpaeniformes","Liparidae","Liparis","Liparis pulchellus",0,0,0,0,0,0,0,0,0,0,0,0,0,1
"Actinopterygii","Argentiniformes","Bathylagidae","Lipolagus","Lipolagus ochotensis",0,0,0,0,0,0,0,0,1,1,0,0,0,1
"Actinopterygii","Myctophiformes","Myctophidae","Lobianchia","Lobianchia gemellarii",1,0,0,1,0,0,1,0,0,0,0,0,1,0
"Actinopterygii","Perciformes","Zoarcidae","Lycenchelys","Lycenchelys crotalinus",0,0,0,0,0,0,0,0,0,0,0,0,0,1
"Actinopterygii","Perciformes","Zoarcidae","Lycodapus","Lycodapus fierasfer",0,0,0,0,0,0,0,0,0,0,0,0,0,1
"Actinopterygii","Perciformes","Zoarcidae","Lycodapus","Lycodapus mandibularis",0,0,0,0,0,0,0,0,1,0,0,0,0,1
"Actinopterygii","Perciformes","Zoarcidae","Lycodes","Lycodes cortezianus",0,0,0,0,0,0,0,0,1,0,0,0,0,1
"Actinopterygii","Perciformes","Zoarcidae","Lycodes","Lycodes pacificus",0,0,0,0,0,0,0,0,0,0,0,0,0,1
"Cephalopoda","Oegopsida","Lycoteuthidae","Lycoteuthis","Lycoteuthis lorigera",1,0,0,0,0,0,1,0,0,0,0,0,1,1
"Actinopterygii","Pleuronectiformes","Pleuronectidae","Lyopsetta","Lyopsetta exilis",0,0,0,0,0,0,0,0,1,1,0,0,0,1
"Malacostraca","Stomatopoda","Lysiosquillidae","Lysiosquilla","Lysiosquilla tredecimdentata",1,0,0,1,0,0,1,0,0,0,0,0,1,0
"Actinopterygii","Aulopiformes","Paralepididae","Macroparalepis","Macroparalepis affinis",1,0,0,0,0,0,1,0,0,0,0,0,1,0
"Actinopterygii","Syngnathiformes","Centriscidae","Macroramphosus","Macroramphosus gracilis",0,0,0,0,0,0,0,0,1,0,0,0,0,1
"Actinopterygii","Syngnathiformes","Centriscidae","Macroramphosus","Macroramphosus scolopax",1,1,0,0,0,1,1,0,0,0,0,0,1,1
"Actinopterygii","Aulopiformes","Paralepididae","Magnisudis","Magnisudis atlantica",0,1,0,1,0,0,1,1,0,0,0,0,1,1
"Actinopterygii","Perciformes","Istiophoridae","Makaira","Makaira mazara",0,0,0,1,0,0,1,0,0,0,0,0,1,1
"Actinopterygii","Stomiiformes","Stomiidae","Malacosteus","Malacosteus niger",0,0,0,0,0,0,0,0,1,0,0,0,0,1
"Actinopterygii","Osmeriformes","Osmeridae","Mallotus","Mallotus villosus",0,0,0,0,0,0,0,0,0,1,0,0,1,1
"Cephalopoda","Oegopsida","Mastigoteuthidae","Mastigoteuthis","Mastigoteuthis dentata",0,1,0,0,0,0,1,1,0,0,0,0,0,1
"Cephalopoda","Oegopsida","Mastigoteuthidae","Mastigotragus","Mastigotragus pyrodes",0,0,0,0,0,0,0,0,0,0,0,0,0,1
"Actinopterygii","Tetraodontiformes","Molidae","Masturus","Masturus lanceolatus",0,0,0,1,0,0,1,0,0,0,0,0,1,0
"Actinopterygii","Stomiiformes","Sternoptychidae","Maurolicus","Maurolicus imperatorius",0,0,1,0,0,0,1,0,0,0,0,0,0,1
"Actinopterygii","Stomiiformes","Sternoptychidae","Maurolicus","Maurolicus muelleri",1,0,0,1,1,0,1,0,0,0,0,0,1,0
"Actinopterygii","Perciformes","Kyphosidae","Medialuna","Medialuna californiensis",0,1,0,0,0,0,1,1,0,0,0,0,0,1
"Malacostraca","Euphausiacea","Euphausiidae","Meganycitphanes","Meganyctiphanes norvegica",1,0,0,0,1,0,1,0,0,0,0,0,1,0
"Actinopterygii","Stephanoberyciformes","Melamphaidae","Melamphaes","Melamphaes lugubris",0,1,0,0,0,0,1,0,0,0,0,0,0,1
"Actinopterygii","Stomiiformes","Stomiidae","Melanostomias","Melanostomias valdiviae",0,1,0,0,0,0,1,0,0,0,0,0,0,1
"Actinopterygii","Gadiformes","Merlucciidae","Merluccius","Merluccius productus",0,1,0,0,0,0,1,1,1,1,1,0,0,1
"Malacostraca","Decapoda","Cancridae","Metacarcinus","Metacarcinus magister",0,0,0,0,0,0,0,0,1,0,0,0,0,1
"Malacostraca","Decapoda","Cancridae","Metacarcinus","Metacarcinus oregonensis/productus",0,0,0,0,0,0,0,0,0,0,0,0,0,1
"Actinopterygii","Gadiformes","Gadidae","Microgadus","Microgadus proximus",0,1,0,0,0,0,1,0,1,1,0,0,0,1
"Actinopterygii","Gadiformes","Gadidae","Micromesistius","Micromesistius poutassou",1,0,0,0,0,0,1,0,0,0,0,0,1,0
"Actinopterygii","Argentiniformes","Microstomatidae","Microstoma","Microstoma microstoma",0,0,0,0,0,0,0,0,0,0,0,0,0,1
"Actinopterygii","Pleuronectiformes","Pleuronectidae","Microstomus","Microstomus pacificus",0,1,0,0,0,0,1,0,1,1,0,1,0,1
"Actinopterygii","Tetraodontiformes","Molidae","Mola","Mola mola",0,0,0,0,0,0,0,0,1,1,1,0,0,1
"Actinopterygii","Argentiniformes","Opisthoproctidae","Monacoa","Monacoa grimaldii",0,0,0,1,0,0,1,0,0,0,0,0,1,0
"Actinopterygii","Perciformes","Mugilidae","Mugil","Mugil cephalus",0,1,0,0,0,0,1,0,0,0,0,0,1,1
"Actinopterygii","Perciformes","Mullidae","Mullus","Mullus barbatus barbatus",1,0,0,0,0,0,1,0,0,0,0,0,1,0
"Malacostraca","Decapoda","Munididae","Munida","Munida quadrispina",0,0,0,0,0,0,0,0,1,0,0,0,0,1
"Actinopterygii","Myctophiformes","Myctophidae","Myctophum","Myctophum punctatum",1,0,0,0,0,0,1,0,0,0,0,0,1,0
"Actinopterygii","Argentiniformes","Microstomatidae","Nansenia","Nansenia candida",0,0,0,0,0,0,0,0,0,0,0,0,0,1
"Actinopterygii","Argentiniformes","Microstomatidae","Nansenia","Nansenia macrolepis",1,0,0,1,0,0,1,0,0,0,0,0,1,0
"Malacostraca","Stomatopoda","Squillidae","Natosquilla","Natosquilla investigatoris",0,0,0,1,0,0,1,0,0,0,0,0,1,0
"Actinopterygii","Perciformes","Gempylidae","Nealotus","Nealotus tripes",1,0,0,1,0,0,1,0,0,0,0,0,1,0
"Malacostraca","Euphausiacea","Euphausiidae","Nematoscelis","Nematoscelis difficilis",0,0,0,0,0,0,0,1,0,0,0,0,0,1
"Malacostraca","Euphausiacea","Euphausiidae","Nematoscelis","Nematoscelis megalops",1,0,0,0,1,0,1,0,0,0,0,0,1,0
"Actinopterygii","Anguilliformes","Nemichthyidae","Nemichthys","Nemichthys scolopaceus",0,0,0,0,0,0,0,0,0,1,0,0,0,1
"Malacostraca","Stomatopoda","Squillidae","Neoanchisquilla","Neoanchisquilla tuberculata",1,0,0,1,0,0,1,0,0,0,0,0,1,0
"Malacostraca","Lophogastrida","Gnathophausiidae","Negnathophausia","Neognathophausia gigas",0,1,0,0,0,0,1,0,0,0,0,0,0,1
"Malacostraca","Lophogastrida","Gnathophausiidae","Neognathophausia","Neognathophausia ingens",1,0,0,0,0,0,1,0,0,0,0,0,1,1
"Malacostraca","Mysida","Mysidae","Neomysis","Neomysis rayii",0,0,0,0,0,0,0,0,0,0,0,0,0,1
"Malacostraca","Decapoda","Callianassidae","Neotrypaea","Neotrypaea californiensis",0,0,0,0,0,0,0,0,1,0,0,0,0,1
"Actinopterygii","Perciformes","Gempylidae","Nesiarchus","Nesiarchus nasutus",1,0,0,0,0,0,1,0,0,0,0,0,1,0
"Actinopterygii","Myctophiformes","Myctophidae","Notoscopelus","Notoscopelus kroyeri",1,0,0,0,0,0,1,0,0,0,0,0,1,0
"Actinopterygii","Myctophiformes","Myctophidae","Notoscopelus","Notoscopelus resplendens",0,0,0,0,0,0,0,0,0,1,0,0,0,1
"Malacostraca","Euphausiacea","Euphausiidae","Nyctiphanes","Nyctiphanes australis",0,0,0,0,0,1,1,0,0,0,0,0,0,1
"Cephalopoda","Oegopsida","Octopoteuthidae","Octopoteuthis","Octopoteuthis deletron",0,0,0,0,0,0,0,0,1,1,0,0,0,1
"Cephalopoda","Oegopsida","Octopoteuthidae","Octopoteuthis","Octopoteuthis nielseni",0,1,0,0,0,0,1,0,0,0,0,0,0,1
"Cephalopoda","Oegopsida","Octopoteuthidae","Octopoteuthis","Octopoteuthis rugosa",1,0,0,1,0,0,1,0,0,0,0,0,1,0
"Cephalopoda","Oegopsida","Octopoteuthidae","Octopoteuthis","Octopoteuthis sicula",1,1,0,0,1,0,1,1,0,0,0,0,1,1
"Cephalopoda","Octopoda","Octopodidae","Octopus","Octopus bimaculatus",0,1,0,0,0,0,1,1,0,0,0,0,0,1
"Cephalopoda","Octopoda","Octopodidae","Octopus","Octopus rubescens",0,0,0,0,0,0,0,1,0,0,0,0,0,1
"Cephalopoda","Octopoda","Octopodidae","Octopus","Octopus vulgaris",1,0,0,0,0,0,1,0,0,0,0,0,1,0
"Cephalopoda","Octopoda","Ocythoidae","Ocythoe","Ocythoe tuberculata",1,1,0,0,1,0,1,1,1,1,0,0,1,1
"Malacostraca","Stomatopoda","Odontodactylidae","Odontodactylus","Odontodactylus hansenii",0,1,0,0,0,0,1,0,0,0,0,0,0,1
"Malacostraca","Stomatopoda","Odontodactylidae","Odontodactylus","Odontodactylus scyllarus",0,0,0,1,0,0,1,0,0,0,0,0,1,0
"Actinopterygii","Scorpaeniformes","Agonidae","Odontopyxis","Odontopyxis trispinosa",0,0,0,0,0,0,0,0,1,0,0,0,0,1
"Cephalopoda","Oegopsida","Ommastrephidae","Ommastrephes","Ommastrephes bartramii",1,0,1,1,1,1,1,0,0,0,0,0,1,1
"Actinopterygii","Aulopiformes","Omosudidae","Omosudis","Omosudis lowii",1,0,0,1,0,1,1,0,0,0,0,0,1,1
"Actinopterygii","Salmoniformes","Salmonidae","Oncorhynchus","Oncorhynchus gorbuscha",0,0,0,0,0,0,0,0,0,1,1,0,0,1
"Actinopterygii","Salmoniformes","Salmonidae","Oncorhynchus","Oncorhynchus keta",0,0,0,0,0,0,0,0,0,1,1,1,0,1
"Actinopterygii","Salmoniformes","Salmonidae","Oncorhynchus","Oncorhynchus kisutch",0,0,0,0,0,0,0,0,1,1,1,1,0,1
"Actinopterygii","Salmoniformes","Salmonidae","Oncorhynchus","Oncorhynchus mykiss",0,0,0,0,0,0,0,0,1,1,0,0,0,1
"Actinopterygii","Salmoniformes","Salmonidae","Oncorhynchus","Oncorhynchus nerka",0,0,0,0,0,0,0,0,0,1,1,1,0,1
"Actinopterygii","Salmoniformes","Salmonidae","Oncorhynchus","Oncorhynchus tshawytscha",0,0,0,0,0,0,0,0,1,1,1,1,0,1
"Cephalopoda","Oegopsida","Onychoteuthidae","Onychoteuthis","Onychoteuthis banksii",1,1,1,1,1,0,1,0,0,0,0,0,1,1
"Cephalopoda","Oegopsida","Onychoteuthidae","Onychoteuthis","Onychoteuthis borealijaponica",0,1,1,0,0,0,1,1,1,1,0,1,0,1
"Cephalopoda","Oegopsida","Onychoteuthidae","Onykia","Onykia loennbergii",0,0,0,1,0,0,1,0,0,0,0,0,1,0
"Cephalopoda","Oegopsida","Onychoteuthidae","Onykia","Onykia robusta",0,1,0,0,0,0,1,1,1,0,0,0,0,1
"Actinopterygii","Anguilliformes","Ophichthidae","Ophichthus","Ophichthus zophochir",0,0,0,0,0,0,0,0,0,1,0,0,0,1
"Actinopterygii","Ophidiiformes","Ophidiidae","Ophidion","Ophidion scrippsae",0,0,0,0,0,0,0,0,0,0,0,0,0,1
"Actinopterygii","Scorpaeniformes","Hexagrammidae","Ophiodon","Ophiodon elongatus",0,0,0,0,0,0,0,0,1,1,0,0,0,1
"Cephalopoda","Octopoda","Opisthoteuthidae","Opisthoteuthis","Opisthoteuthis californiana",0,1,0,0,0,0,1,0,0,0,0,0,0,1
"Malacostraca","Decapoda","Oplophoridae","Oplophorus","Oplophorus typus",0,0,0,1,0,0,1,0,0,0,0,0,1,0
"Cephalopoda","Oegopsida","Ommastrephidae","Ornithoteuthis","Ornithoteuthis antillarum",1,0,0,0,0,0,1,0,0,0,0,0,1,0
"Cephalopoda","Oegopsida","Ommastrephidae","Ornithoteuthis","Ornithoteuthis volatilis",1,0,0,1,0,1,1,0,0,0,0,0,1,1
"Actinopterygii","Tetraodontiformes","Ostraciidae","Ostracion","Ostracion cubicum",0,0,0,1,0,0,1,0,0,0,0,0,1,0
"Actinopterygii","Scorpaeniformes","Hexagrammidae","Oxylebius","Oxylebius pictus",0,0,0,0,0,0,0,0,1,1,0,0,0,1
"Malacostraca","Decapoda","Palinuridae","Palinurus","Palinurus mauritanicus",1,0,0,0,0,0,1,0,0,0,0,0,1,0
"Malacostraca","Decapoda","Pandalidae","Pandalus","Pandalus jordani",0,0,0,0,0,0,0,0,1,1,0,0,0,1
"Malacostraca","Decapoda","Pandalidae","Pandalus","Pandalus platyceros",0,0,0,0,0,0,0,0,1,0,0,0,0,1
"Actinopterygii","Aulopiformes","Paralepididae","Paralepis","Paralepis coregonoides",1,0,0,0,1,0,1,0,0,0,0,0,1,0
"Actinopterygii","Aulopiformes","Paralepididae","Paralepis","Paralepis speciosa",0,0,0,0,1,0,1,0,0,0,0,0,1,0
"Actinopterygii","Pleuronectiformes","Paralichthyidae","Paralichthys","Paralichthys californicus",0,0,0,0,0,0,0,0,0,0,0,0,0,1
"Malacostraca","Decapoda","Pasiphaeidae","Parapasiphae","Parapasiphae sulcatifrons",1,0,0,0,0,0,1,0,0,0,0,0,1,0
"Malacostraca","Amphipoda","Eupronoidae","Parapronoe","Parapronoe crustulum",0,0,1,0,0,0,1,0,0,0,0,0,0,1
"Actinopterygii","Pleuronectiformes","Pleuronectidae","Parophrys","Parophrys vetulus",0,0,0,0,0,0,0,0,1,0,0,0,0,1
"Malacostraca","Decapoda","Scyllaridae","Parribacus","Parribacus antarcticus",0,0,0,1,0,0,1,0,0,0,0,0,1,0
"Malacostraca","Decapoda","Pasiphaeidae","Pasiphaea","Pasiphaea pacifica",0,0,0,0,0,0,0,0,1,0,0,0,0,1
"Actinopterygii","Perciformes","Stromateidae","Peprilus","Peprilus simillimus",0,1,0,0,0,0,1,0,1,1,0,0,0,1
"Scyphozoa","Coronatae","Periphyllidae","Periphylla","Periphylla periphylla",0,0,0,0,0,0,0,0,1,0,0,1,1,1
"Actinopterygii","Scorpaeniformes","Peristediidae","Peristedion","Peristedion gracile",1,0,0,0,0,0,1,0,0,0,0,0,1,0
"Scyphozoa","Semaeostomeae","Phacellophoridae","Phacellophora","Phacellophora camtschatica",0,0,0,0,0,0,0,0,1,1,0,1,0,1
"Actinopterygii","Stomiiformes","Stomiidae","Photonectes","Photonectes margarita",0,1,0,0,0,0,1,0,0,0,0,0,0,1
"Malacostraca","Amphipoda","Phronimidae","Phronima","Phronima sedentaria",1,1,1,1,1,0,1,1,0,0,0,0,1,1
"Malacostraca","Amphipoda","Phrosinidae","Phrosina","Phrosina semilunata",1,1,1,1,1,1,1,0,0,0,0,0,1,1
"Actinopterygii","Pleuronectiformes","Pleuronectidae","Platichthys","Platichthys stellatus",0,0,0,0,0,0,0,0,1,1,1,0,0,1
"Malacostraca","Amphipoda","Platyscelidae","Platyscelus","Platyscelus armatus",0,1,0,0,0,0,1,0,0,0,0,0,0,1
"Malacostraca","Amphipoda","Platyscelidae","Platyscelus","Platyscelus ovoides",1,0,1,1,1,0,1,0,0,0,0,0,1,1
"Malacostraca","Amphipoda","Platyscelidae","Platyscelus","Platyscelus serratulus",1,0,0,0,1,0,1,0,0,0,0,0,1,0
"Actinopterygii","Perciformes","Stichaeidae","Plectobranchus","Plectobranchus evides",0,0,0,0,0,0,0,0,1,0,0,0,0,1
"Tentaculata","Cydippida","Pleurobrachiidae","Pleurobrachia","Pleurobrachia bachei",0,0,0,0,0,0,0,0,0,1,0,0,0,1
"Tentaculata","Cydippida","Pleurobrachiidae","Pleurobrachia","Pleurobrachia pileus",0,0,0,0,0,0,0,0,0,0,0,0,1,1
"Malacostraca","Decapoda","Munididae","Pleuroncodes","Pleuroncodes planipes",0,1,0,0,0,0,1,1,1,1,0,0,0,1
"Actinopterygii","Pleuronectiformes","Pleuronectidae","Pleuronichthys","Pleuronichthys coenosus",0,0,0,0,0,0,0,0,1,1,0,0,0,1
"Actinopterygii","Pleuronectiformes","Pleuronectidae","Pleuronichthys","Pleuronichthys decurrens",0,1,0,0,0,0,1,1,1,1,0,0,0,1
"Actinopterygii","Pleuronectiformes","Pleuronectidae","Pleuronichthys","Pleuronichthys verticalis",0,0,0,0,0,0,0,0,0,1,0,0,0,1
"Actinopterygii","Scorpaeniformes","Agonidae","Podothecus","Podothecus accipenserinus",0,0,0,0,0,0,0,0,1,1,1,0,0,1
"Malacostraca","Decapoda","Polybiidae","Polybius","Polybius henslowii",1,0,0,0,0,0,1,0,0,0,0,0,1,0
"Malacostraca","Amphipoda","Dexaminidae","Polycheria","Polycheria osborni",0,0,0,0,0,0,0,0,0,0,0,0,0,1
"Actinopterygii","Batrachoidiformes","Batrachoididae","Porichthys","Porichthys notatus",0,0,0,0,0,0,0,0,1,1,0,0,0,1
"Actinopterygii","Stephanoberyciformes","Melamphaidae","Poromitra","Poromitra crassiceps",0,0,0,0,0,0,0,1,0,0,0,0,0,1
"Malacostraca","Amphipoda","Phrosinidae","Primno","Primno macropa",1,0,0,0,1,0,1,0,0,0,0,0,1,1
"Elasmobranchii","Carcharhiniformes","Carcharhinidae","Prionace","Prionace glauca",0,0,0,0,0,0,0,0,1,1,0,0,1,1
"Actinopterygii","Myctophiformes","Myctophidae","Protomyctophum","Protomyctophum crockeri",0,1,0,0,0,0,1,1,0,1,0,0,0,1
"Actinopterygii","Perciformes","Nomeidae","Psenes","Psenes pellucidus",1,0,0,0,0,0,1,0,0,0,0,0,1,0
"Actinopterygii","Pleuronectiformes","Pleuronectidae","Psettichthys","Psettichthys melanostictus",0,0,0,0,0,0,0,0,1,1,0,0,0,1
"Branchiopoda","Onychopoda","Podonidae","Pseudevadne","Pseudevadne tergestina",0,0,0,1,0,0,1,0,0,0,0,0,1,0
"Actinopterygii","Argentiniformes","Bathylagidae","Pseudobathylagus","Pseudobathylagus milleri",0,0,0,0,0,0,0,0,0,0,0,0,0,1
"Actinopterygii","Scorpaeniformes","Psychrolutidae","Psychrolutes","Psychrolutes phrictus",0,0,0,0,0,0,0,0,1,0,0,0,0,1
"Cephalopoda","Octopoda","Octopodidae","Pteroctopus","Pteroctopus tetracirrhus",0,0,0,0,1,0,1,0,0,0,0,0,1,0
"Elasmobranchii","Myliobatiformes","Dasyatidae","Pteroplatytrygon","Pteroplatytrygon violacea",0,0,0,0,0,0,0,0,1,1,0,0,0,1
"Actinopterygii","Perciformes","Bramidae","Pterycombus","Pterycombus petersii",0,0,0,1,0,1,1,0,0,0,0,0,1,1
"Cephalopoda","Oegopsida","Pyroteuthidae","Pterygioteuthis","Pterygioteuthis gemmata",0,0,0,0,0,0,0,0,0,1,0,0,0,1
"Cephalopoda","Oegopsida","Pyroteuthidae","Pterygioteuthis","Pterygioteuthis giardi",0,0,0,0,1,0,1,0,0,0,0,0,1,0
"Cephalopoda","Oegopsida","Pyroteuthidae","Pterygioteuthis","Pterygioteuthis microlampas",0,1,0,0,0,0,1,0,0,0,0,0,0,1
"Thaliacea","Pyrosomatida","Pyrosomatidae","Pyrosoma","Pyrosoma atlanticum",1,0,0,0,0,0,1,0,1,1,0,0,1,1
"Cephalopoda","Oegopsida","Pyroteuthidae","Pyroteuthis","Pyroteuthis margaritifera",1,0,0,0,1,0,1,0,0,0,0,0,1,0
"Elasmobranchii","Rajiformes","Rajidae","Raja","Raja rhina",0,0,0,0,0,0,0,0,1,0,0,0,0,1
"Actinopterygii","Tetraodontiformes","Molidae","Ranzania","Ranzania laevis",0,0,0,1,0,0,1,0,0,0,0,0,1,0
"Actinopterygii","Perciformes","Gempylidae","Rexea","Rexea prometheoides",0,0,0,1,0,0,1,0,0,0,0,0,1,0
"Actinopterygii","Scorpaeniformes","Rhamphocottidae","Rhamphocottus","Rhamphocottus richardsonii",0,0,0,0,0,0,0,0,1,0,0,0,0,1
"Actinopterygii","Perciformes","Gobiidae","Rhinogobiops","Rhinogobiops nicholsii",0,1,0,0,0,0,1,0,1,0,0,0,0,1
"Malacostraca","Decapoda","Sergestidae","Robustosergia","Robustosergia robusta",1,0,0,0,0,0,1,0,0,0,0,0,1,0
"Actinopterygii","Perciformes","Bathymasteridae","Ronquilus","Ronquilus jordani",0,0,0,0,0,0,0,0,1,0,0,0,0,1
"Cephalopoda","Sepiida","Sepiolidae","Rossia","Rossia pacifica",0,0,0,0,0,0,0,0,1,1,0,0,0,1
"Thaliacea","Salpida","Salpidae","Salpa","Salpa maxima",1,0,0,1,0,0,1,0,0,0,0,0,1,0
"Actinopterygii","Perciformes","Scombridae","Sarda","Sarda chiliensis chiliensis",0,0,0,0,0,0,0,0,1,1,0,0,0,1
"Actinopterygii","Clupeiformes","Clupeidae","Sardina","Sardina pilchardus",1,0,0,0,1,0,1,0,0,0,0,0,1,0
"Actinopterygii","Clupeiformes","Clupeidae","Sardinella","Sardinella aurita",0,0,0,0,1,0,1,0,0,0,0,0,1,0
"Actinopterygii","Clupeiformes","Clupeidae","Sardinops","Sardinops sagax",0,1,0,0,0,0,1,1,1,1,0,0,1,1
"Cephalopoda","Octopoda","Octopodidae","Scaeurgus","Scaeurgus unicirrhus",0,0,0,0,1,0,1,0,0,0,0,0,1,0
"Actinopterygii","Perciformes","Scombridae","Scomber","Scomber japonicus",1,1,0,0,0,0,1,1,1,1,1,0,1,1
"Actinopterygii","Perciformes","Scombridae","Scomber","Scomber scombrus",1,0,0,0,0,0,1,0,0,0,0,0,1,0
"Actinopterygii","Beloniformes","Scomberesocidae","Scomberesox","Scomberesox saurus saurus",1,0,0,1,0,0,1,0,0,0,0,0,1,0
"Actinopterygii","Perciformes","Scombrolabracidae","Scombrolabrax","Scombrolabrax heterolepis",0,0,0,1,0,0,1,0,0,0,0,0,1,0
"Actinopterygii","Aulopiformes","Scoperlarchidae","Scopelarchus","Scopelarchus analis",1,0,0,1,0,0,1,0,0,0,0,0,1,0
"Actinopterygii","Stephanoberyciformes","Melamphaidae","Scopeloberyx","Scopeloberyx robustus",0,0,0,0,0,0,0,0,1,0,0,0,0,1
"Actinopterygii","Stephanoberyciformes","Melamphaidae","Scopelogadus","Scopelogadus bispinosus",0,0,0,0,0,0,0,0,0,0,0,0,0,1
"Actinopterygii","Aulopiformes","Notosudidae","Scopelosaurus","Scopelosaurus hoedti",1,0,0,1,0,0,1,0,0,0,0,0,1,0
"Actinopterygii","Scorpaeniformes","Scorpaenidae","Scorpaena","Scorpaena guttata",0,0,0,0,0,0,0,0,0,1,0,0,0,1
"Actinopterygii","Scorpaeniformes","Cottidae","Scorpaenichthys","Scorpaenichthys marmoratus",0,0,0,0,0,0,0,0,1,1,0,0,0,1
"Malacostraca","Decapoda","Scyllaridae","Scyllarus","Scyllarus arctus",1,0,0,0,0,0,1,0,0,0,0,0,1,0
"Actinopterygii","Scorpaeniformes","Sebastidae","Sebastes","Sebastes aleutianus",0,1,0,0,0,0,1,1,1,0,0,0,0,1
"Actinopterygii","Scorpaeniformes","Sebastidae","Sebastes","Sebastes alutus",0,0,0,0,0,0,0,0,1,0,0,0,0,1
"Actinopterygii","Scorpaeniformes","Sebastidae","Sebastes","Sebastes auriculatus",0,0,0,0,0,0,0,0,1,0,0,0,0,1
"Actinopterygii","Scorpaeniformes","Sebastidae","Sebastes","Sebastes aurora",0,0,0,0,0,0,0,0,1,0,0,0,0,1
"Actinopterygii","Scorpaeniformes","Sebastidae","Sebastes","Sebastes babcocki",0,0,0,0,0,0,0,0,1,0,0,0,0,1
"Actinopterygii","Scorpaeniformes","Sebastidae","Sebastes","Sebastes brevispinis",0,1,0,0,0,0,1,1,0,1,0,0,0,1
"Actinopterygii","Scorpaeniformes","Sebastidae","Sebastes","Sebastes caurinus",0,0,0,0,0,0,0,0,0,0,0,0,0,1
"Actinopterygii","Scorpaeniformes","Sebastidae","Sebastes","Sebastes chlorostictus",0,0,0,0,0,0,0,0,0,0,0,0,0,1
"Actinopterygii","Scorpaeniformes","Sebastidae","Sebastes","Sebastes ciliatus",0,0,0,0,0,0,0,0,0,0,0,0,0,1
"Actinopterygii","Scorpaeniformes","Sebastidae","Sebastes","Sebastes crameri",0,0,0,0,0,0,0,0,1,1,0,0,0,1
"Actinopterygii","Scorpaeniformes","Sebastidae","Sebastes","Sebastes dallii",0,0,0,0,0,0,0,0,1,0,0,0,0,1
"Actinopterygii","Scorpaeniformes","Sebastidae","Sebastes","Sebastes diploproa",0,1,0,0,0,0,1,1,1,0,0,0,0,1
"Actinopterygii","Scorpaeniformes","Sebastidae","Sebastes","Sebastes elongatus",0,0,0,0,0,0,0,0,1,0,0,0,0,1
"Actinopterygii","Scorpaeniformes","Sebastidae","Sebastes","Sebastes emphaeus",0,0,0,0,0,0,0,0,1,0,0,0,0,1
"Actinopterygii","Scorpaeniformes","Sebastidae","Sebastes","Sebastes entomelas",0,0,0,0,0,0,0,0,1,0,0,0,0,1
"Actinopterygii","Scorpaeniformes","Sebastidae","Sebastes","Sebastes flavidus",0,0,0,0,0,0,0,0,1,1,0,0,0,1
"Actinopterygii","Scorpaeniformes","Sebastidae","Sebastes","Sebastes goodei",0,0,0,0,0,0,0,0,1,1,0,0,0,1
"Actinopterygii","Scorpaeniformes","Sebastidae","Sebastes","Sebastes helvomaculatus",0,1,0,0,0,0,1,1,1,0,0,0,0,1
"Actinopterygii","Scorpaeniformes","Sebastidae","Sebastes","Sebastes hopkinsi",0,0,0,0,0,0,0,0,1,0,0,0,0,1
"Actinopterygii","Scorpaeniformes","Sebastidae","Sebastes","Sebastes jordani",0,0,0,0,0,0,0,0,1,1,0,0,0,1
"Actinopterygii","Scorpaeniformes","Sebastidae","Sebastes","Sebastes levis",0,0,0,0,0,0,0,0,1,1,0,0,0,1
"Actinopterygii","Scorpaeniformes","Sebastidae","Sebastes","Sebastes maliger",0,1,0,0,0,0,1,1,0,0,0,0,0,1
"Actinopterygii","Scorpaeniformes","Sebastidae","Sebastes","Sebastes melanops",0,0,0,0,0,0,0,0,1,1,1,1,0,1
"Actinopterygii","Scorpaeniformes","Sebastidae","Sebastes","Sebastes melanostomus",0,0,0,0,0,0,0,0,1,0,0,0,0,1
"Actinopterygii","Scorpaeniformes","Sebastidae","Sebastes","Sebastes miniatus",0,1,0,0,0,0,1,1,1,0,0,0,0,1
"Actinopterygii","Scorpaeniformes","Sebastidae","Sebastes","Sebastes mystinus",0,0,0,0,0,0,0,0,1,1,0,0,0,1
"Actinopterygii","Scorpaeniformes","Sebastidae","Sebastes","Sebastes nigrocinctus",0,0,0,0,0,0,0,0,0,0,0,0,0,1
"Actinopterygii","Scorpaeniformes","Sebastidae","Sebastes","Sebastes norvegicus",0,0,0,0,0,0,0,0,0,0,0,0,0,0
"Actinopterygii","Scorpaeniformes","Sebastidae","Sebastes","Sebastes oculatus",0,0,0,0,0,0,0,0,0,0,0,0,1,0
"Actinopterygii","Scorpaeniformes","Sebastidae","Sebastes","Sebastes ovalis",0,0,0,0,0,0,0,0,0,0,0,0,0,1
"Actinopterygii","Scorpaeniformes","Sebastidae","Sebastes","Sebastes paucispinis",0,0,0,0,0,0,0,0,1,1,0,0,0,1
"Actinopterygii","Scorpaeniformes","Sebastidae","Sebastes","Sebastes pinniger",0,0,0,0,0,0,0,0,1,0,1,0,0,1
"Actinopterygii","Scorpaeniformes","Sebastidae","Sebastes","Sebastes polyspinis",0,0,0,0,0,0,0,0,0,0,0,0,0,1
"Actinopterygii","Scorpaeniformes","Sebastidae","Sebastes","Sebastes proriger",0,1,0,0,0,0,1,1,1,0,1,0,0,1
"Actinopterygii","Scorpaeniformes","Sebastidae","Sebastes","Sebastes rastrelliger",0,0,0,0,0,0,0,0,1,0,0,0,0,1
"Actinopterygii","Scorpaeniformes","Sebastidae","Sebastes","Sebastes reedi",0,0,0,0,0,0,0,0,1,0,0,0,0,1
"Actinopterygii","Scorpaeniformes","Sebastidae","Sebastes","Sebastes ruberrimus",0,0,0,0,0,0,0,0,1,0,0,0,0,1
"Actinopterygii","Scorpaeniformes","Sebastidae","Sebastes","Sebastes rufus",0,0,0,0,0,0,0,0,1,0,0,0,0,1
"Actinopterygii","Scorpaeniformes","Sebastidae","Sebastes","Sebastes saxicola",0,0,0,0,0,0,0,0,1,1,0,0,0,1
"Actinopterygii","Scorpaeniformes","Sebastidae","Sebastes","Sebastes semicinctus",0,0,0,0,0,0,0,0,1,1,0,0,0,1
"Actinopterygii","Scorpaeniformes","Sebastidae","Sebastes","Sebastes serranoides",0,0,0,0,0,0,0,0,1,0,0,0,0,1
"Actinopterygii","Scorpaeniformes","Sebastidae","Sebastes","Sebastes serriceps",0,0,0,0,0,0,0,0,1,0,0,0,0,1
"Actinopterygii","Scorpaeniformes","Sebastidae","Sebastes","Sebastes wilsoni",0,1,0,0,0,0,1,1,1,0,0,0,0,1
"Actinopterygii","Scorpaeniformes","Sebastidae","Sebastes","Sebastes zacentrus",0,1,0,0,0,0,1,1,1,0,0,0,0,1
"Actinopterygii","Scorpaeniformes","Sebastidae","Sebastolobus","Sebastolobus altivelis",0,0,0,0,0,0,0,0,0,0,0,0,0,1
"Actinopterygii","Perciformes","Carangidae","Selene","Selene setapinnis",1,0,0,0,0,0,1,0,0,0,0,0,1,0
"Cephalopoda","Sepiida","Sepiolidae","Sepietta","Sepietta oweniana",1,0,0,0,0,0,1,0,0,0,0,0,1,0
"Actinopterygii","Perciformes","Carangidae","Seriola","Seriola lalandi",0,0,0,0,0,0,0,0,0,1,0,0,0,1
"Actinopterygii","Perciformes","Sphyraenidae","Sphyraena","Sphyraena argentea",0,0,0,0,0,0,0,0,0,1,0,0,0,1
"Actinopterygii","Osmeriformes","Osmeridae","Spirinchus","Spirinchus starksi",0,0,0,0,0,0,0,0,1,1,0,0,0,1
"Actinopterygii","Osmeriformes","Osmeridae","Spirinchus","Spirinchus thaleichthys",0,0,0,0,0,0,0,0,0,1,0,0,0,1
"Cephalopoda","Spirulida","Spirulidae","Spirula","Spirula spirula",1,0,0,0,0,0,1,0,0,0,0,0,1,0
"Actinopterygii","Perciformes","Sparidae","Spondyliosoma","Spondyliosoma cantharus",1,0,0,0,0,0,1,0,0,0,0,0,1,0
"Gastropoda","Pteropoda","Pneumodermatidae","Spongiobranchaea","Spongiobranchaea australis",0,0,0,0,0,0,0,0,0,0,0,0,1,1
"Elasmobranchii","Squaliformes","Squalidae","Squalus","Squalus acanthias",0,0,0,0,0,0,0,0,1,1,0,1,1,1
"Elasmobranchii","Squaliformes","Squalidae","Squalus","Squalus suckleyi",0,0,0,0,0,0,0,0,1,0,1,0,0,1
"Actinopterygii","Myctophiformes","Myctophidae","Stenobrachius","Stenobrachius leucopsarus",0,1,0,0,0,0,1,1,1,1,0,1,0,1
"Actinopterygii","Stomiiformes","Sternoptychidae","Sternoptyx","Sternoptyx diaphana",1,1,0,0,0,0,1,0,0,0,0,0,1,1
"Actinopterygii","Stomiiformes","Sternoptychidae","Sternoptyx","Sternoptyx obscura",0,1,0,0,0,0,1,0,0,0,0,0,0,1
"Cephalopoda","Oegopsida","Ommastrephidae","Sthenoteuthis","Sthenoteuthis oualaniensis",1,0,1,1,0,1,1,0,0,0,0,0,1,1
"Cephalopoda","Oegopsida","Histioteuthidae","Stigmatoteuthis","Stigmatoteuthis dofleini",0,0,0,1,0,0,1,0,0,0,0,0,1,1
"Cephalopoda","Oegopsida","Histioteuthidae","Stigmatoteuthis","Stigmatoteuthis hoylei",1,0,0,1,0,0,1,0,0,1,0,0,1,1
"Actinopterygii","Stomiiformes","Stomiidae","Stomias","Stomias atriventer",0,0,0,0,0,0,0,0,1,1,0,0,0,1
"Malacostraca","Amphipoda","Oxycephalidae","Streetsia","Streetsia challengeri",1,0,0,0,1,0,1,0,1,0,0,0,1,1
"Actinopterygii","Beloniformes","Belonidae","Strongylura","Strongylura exilis",0,1,0,0,0,0,1,0,0,1,0,0,0,1
"Malacostraca","Euphausiacea","Euphausiidae","Stylocheiron","Stylocheiron abbreviatum",1,0,0,0,0,0,1,0,0,0,0,0,1,0
"Actinopterygii","Aulopiformes","Paralepididae","Sudis","Sudis hyalina",0,0,0,0,1,0,1,0,0,0,0,0,1,0
"Actinopterygii","Myctophiformes","Myctophidae","Symbolophorus","Symbolophorus barnardi",1,0,0,0,0,0,1,0,0,0,0,0,1,1
"Actinopterygii","Myctophiformes","Myctophidae","Symbolophorus","Symbolophorus californiensis",0,0,0,0,0,0,0,1,1,1,0,1,1,1
"Actinopterygii","Myctophiformes","Myctophidae","Symbolophorus","Symbolophorus evermanni",1,0,0,0,0,0,1,0,0,0,0,0,1,1
"Actinopterygii","Pleuronectiformes","Cynoglossidae","Symphurus","Symphurus atricaudus",0,0,0,0,0,0,0,0,1,1,0,0,0,1
"Actinopterygii","Syngnathiformes","Syngnathidae","Syngnathus","Syngnathus californiensis",0,1,0,0,0,0,1,1,0,1,0,0,0,1
"Actinopterygii","Aulopiformes","Synodontidae","Synodus","Synodus lucioceps",0,0,0,0,0,0,0,0,1,1,0,0,0,1
"Malacostraca","Decapoda","Oplophoridae","Systellaspis","Systellaspis debilis",1,0,0,0,0,0,1,0,0,0,0,0,1,0
"Actinopterygii","Stomiiformes","Stomiidae","Tactostoma","Tactostoma macropus",0,0,0,0,0,0,0,0,1,1,0,0,0,1
"Cephalopoda","Oegopsida","Octopoteuthidae","Taningia","Taningia danae",1,0,0,1,0,0,1,0,0,1,0,0,1,1
"Cephalopoda","Oegopsida","Cranchiidae","Taonius","Taonius pavo",0,0,0,0,0,0,0,0,1,0,0,0,0,1
"Actinopterygii","Perciformes","Bramidae","Taractes","Taractes asper",0,1,0,0,0,0,1,0,0,0,0,0,0,1
"Actinopterygii","Myctophiformes","Myctophidae","Tarletonbeania","Tarletonbeania crenularis",0,1,0,0,0,0,1,1,1,1,0,1,0,1
"Actinopterygii","Perciformes","Tetragonuridae","Tetragonurus","Tetragonurus atlanticus",1,0,0,0,0,0,1,0,0,0,0,0,1,0
"Actinopterygii","Perciformes","Tetragonuridae","Tetragonurus","Tetragonurus cuvieri",0,1,0,0,0,0,1,0,1,1,0,0,0,1
"Elasmobranchii","Torpediniformes","Torpedinidae","Tetronarce","Tetronarce californica",0,0,0,0,0,0,0,0,1,1,0,0,0,1
"Cephalopoda","Oegopsida","Cranchiidae","Teuthowenia","Teuthowenia megalops",1,0,0,0,0,0,1,0,0,0,0,0,1,0
"Actinopterygii","Osmeriformes","Osmeridae","Thaleichthys","Thaleichthys pacificus",0,1,0,0,0,0,1,0,1,1,1,0,0,1
"Malacostraca","Amphipoda","Hyperiidae","Themisto","Themisto gaudichaudii",1,0,0,0,0,0,1,0,0,0,0,0,1,0
"Thaliacea","Salpida","Salpidae","Thetys","Thetys vagina",0,0,0,0,0,0,0,0,1,1,0,1,0,1
"Actinopterygii","Perciformes","Scombridae","Thunnus","Thunnus alalunga",0,0,0,0,0,0,0,0,0,1,0,0,0,1
"Actinopterygii","Perciformes","Gempylidae","Thyrsitoides","Thyrsitoides marleyi",0,0,0,1,0,0,1,0,0,0,0,0,1,0
"Malacostraca","Euphausiacea","Euphausiidae","Thysanoessa","Thysanoessa spinifera",0,0,0,0,0,0,0,1,0,0,0,1,0,1
"Cephalopoda","Oegopsida","Thysanoteuthidae","Thysanoteuthis","Thysanoteuthis rhombus",0,0,0,1,0,0,1,0,0,0,0,0,1,0
"Cephalopoda","Oegopsida","Ommastrephidae","Todarodes","Todarodes pacificus",0,0,1,0,0,0,1,0,0,0,0,0,0,1
"Cephalopoda","Oegopsida","Ommastrephidae","Todarodes","Todarodes sagittatus",1,0,0,0,1,0,1,0,0,0,0,0,1,0
"Cephalopoda","Oegopsida","Ommastrephidae","Todaropsis","Todaropsis eblanae",0,0,0,0,0,1,1,0,0,0,0,0,1,1
"Actinopterygii","Perciformes","Carangidae","Trachinotus","Trachinotus ovatus",1,0,0,0,0,0,1,0,0,0,0,0,1,1
"Actinopterygii","Lampriformes","Trachipteridae","Trachipterus","Trachipterus altivelis",0,0,0,0,0,0,0,0,1,1,0,0,0,1
"Actinopterygii","Lampriformes","Trachipteridae","Trachipterus","Trachipterus fukuzakii",0,0,0,0,0,0,0,0,0,1,0,0,0,1
"Actinopterygii","Lampriformes","Trachipteridae","Trachipterus","Trachipterus trachypterus",0,1,0,0,0,0,1,0,0,0,0,0,0,1
"Actinopterygii","Perciformes","Carangidae","Trachurus","Trachurus japonicus",0,0,1,0,0,0,1,0,0,0,0,0,0,1
"Actinopterygii","Perciformes","Carangidae","Trachurus","Trachurus symmetricus",0,1,0,0,0,0,1,1,1,1,0,0,0,1
"Actinopterygii","Perciformes","Carangidae","Trachurus","Trachurus trachurus",1,0,0,0,0,0,1,0,0,0,0,0,1,0
"Cephalopoda","Octopoda","Tremoctopodidae","Tremoctopus","Tremoctopus gracilis",0,0,0,1,0,0,1,0,0,0,0,0,1,0
"Cephalopoda","Octopoda","Tremoctopodidae","Tremoctopus","Tremoctopus violaceus",1,0,0,0,1,0,1,0,0,0,0,0,1,0
"Actinopterygii","Perciformes","Trichiuridae","Trichiurus","Trichiurus lepturus",0,0,0,0,0,0,0,0,0,1,0,0,0,1
"Actinopterygii","Myctophiformes","Myctophidae","Triphoturus","Triphoturus mexicanus",0,1,0,0,0,0,1,1,1,1,0,0,0,1
"Cephalopoda","Vampyromorpha","Vampyroteuthidae","Vampyroteuthis","Vampyroteuthis infernalis",0,1,0,0,0,0,1,1,0,0,0,0,0,1
"Malacostraca","Amphipoda","Vibiliidae","Vibilia","Vibilia gibbosa",0,0,0,0,1,0,1,0,0,0,0,0,1,0
"Actinopterygii","Stomiiformes","Phosichthyidae","Vinciguerria","Vinciguerria lucetia",0,1,0,0,0,0,1,0,0,1,0,0,0,1
"Cephalopoda","Oegopsida","Onychoteuthidae","Walvisteuthis","Walvisteuthis rancureli",1,0,0,1,0,0,1,0,0,0,0,0,1,0
"Actinopterygii","Scorpaeniformes","Agonidae","Xeneretmus","Xeneretmus latifrons",0,0,0,0,0,0,0,0,1,0,0,0,0,1
"Actinopterygii","Scorpaeniformes","Hexagrammidae","Zaniolepis","Zaniolepis frenata",0,0,0,0,0,0,0,0,0,0,0,0,0,1
"Actinopterygii","Scorpaeniformes","Hexagrammidae","Zaniolepis","Zaniolepis latipinnis",0,0,0,0,0,0,0,0,0,1,0,0,0,1
"Actinopterygii","Perciformes","Zaproridae","Zaprora","Zaprora silenus",0,0,0,0,0,0,0,0,0,1,1,1,0,1
