"class","order","family","genus","sci_name","tax_level","lipid","protein","energy","lipid_pacific","protein_pacific","energy_pacific","n_lipid","n_protein","n_energy","n_lipid_pacific","n_protein_pacific","n_energy_pacific","sd_lipid","sd_protein","sd_energy","sd_lipid_pacific","sd_protein_pacific","sd_energy_pacific"
"Cephalopoda","Oegopsida","Enoploteuthidae","Abraliopsis","Abraliopsis felis","species",3.49,17.4,4.4,3.49,17.4,4.4,1,1,1,1,1,1,NA,NA,NA,NA,NA,NA
"Malacostraca","Decapoda","Acanthephyridae","Acanthephyra","Acanthephyra pelagica","species",6.5375,NA,NA,NA,NA,NA,4,0,0,0,0,0,4.86986909474988,NA,NA,NA,NA,NA
"Hydrozoa","Leptothecata","Aequoreidae","Aequorea","Aequorea victoria","species",0.6,0.1848,0.0573495999999999,0.6,0.1848,0.0573495999999999,1,1,1,1,1,1,NA,NA,NA,NA,NA,NA
"Actinopterygii","Gadiformes","Macrouridae","Albatrossia","Albatrossia pectoralis","species",5.5,10.55,4.67533,5.5,10.55,4.67533,2,2,2,2,2,2,2.54558441227157,2.33345237791561,1.56356865669532,2.54558441227157,2.33345237791561,1.56356865669532
"Actinopterygii","Aulopiformes","Alepisauridae","Alepisaurus","Alepisaurus ferox","species",NA,NA,1.7,NA,NA,NA,0,0,1,0,0,0,NA,NA,NA,NA,NA,NA
"Actinopterygii","Osmeriformes","Osmeridae","Allosmerus","Allosmerus elongatus","species",4.6586424,NA,4.84933581777778,4.85,NA,4.84933581777778,5,0,9,4,0,9,1.41136056887983,NA,0.980335949533425,1.55299710237978,NA,0.980335949533425
"Cephalopoda","Myopsida","Loliginidae","Alloteuthis","Alloteuthis subulata","species",1.3,16.4,3.9,NA,NA,NA,1,1,1,0,0,0,NA,NA,NA,NA,NA,NA
"Actinopterygii","Clupeiformes","Clupeidae","Alosa","Alosa sapidissima","species",5.975,NA,5.88587781,6.8,NA,5.88587781,4,0,1,1,0,1,1.26852933220587,NA,NA,NA,NA,NA
"Actinopterygii","Perciformes","Ammodytidae","Ammodytes","Ammodytes hexapterus","species",3.84966209375,16.6270522727273,4.54421284090909,3.85092657142857,16.6151458333333,4.52352011627907,64,55,44,63,54,43,1.91826604191596,1.06669986614352,0.904764878040517,1.93364716189907,1.07302066695794,0.904876267862187
"Actinopterygii","Perciformes","Ammodytidae","Ammodytes","Ammodytes personatus","species",2.8,NA,4.85734121533333,2.8,NA,4.85734121533333,1,0,15,1,0,15,NA,NA,1.14760380854085,NA,NA,1.14760380854085
"Actinopterygii","Scorpaeniformes","Anoplopomatidae","Anoplopoma","Anoplopoma fimbria","species",10.034,11.512,5.72177398083333,10.034,11.512,5.72177398083333,10,9,24,10,9,24,6.55259100576931,1.90417856305547,1.62945376624159,6.55259100576931,1.90417856305547,1.62945376624159
"Actinopterygii","Aulopiformes","Anotopteridae","Anotopterus","Anotopterus pharao","species",NA,NA,10.87,NA,NA,NA,0,0,1,0,0,0,NA,NA,NA,NA,NA,NA
"Actinopterygii","Perciformes","Caproidae","Antigonia","Antigonia capros","species",2.16,15.95,6.59,2.16,15.95,NA,1,1,1,1,1,0,NA,NA,NA,NA,NA,NA
"Actinopterygii","Gadiformes","Moridae","Antimora","Antimora rostrata","species",0.29,NA,4.32825,NA,NA,NA,1,0,1,0,0,0,NA,NA,NA,NA,NA,NA
"Actinopterygii","Aulopiformes","Paralepididae","Arctozenus","Arctozenus risso","species",4.615,15.8,4.3,NA,NA,NA,2,1,1,0,0,0,2.9910616844191,NA,NA,NA,NA,NA
"Cephalopoda","Octopoda","Argonautidae","Argonauta","Argonauta argo","species",NA,NA,3.79374678966,NA,NA,3.79374678966,0,0,1,0,0,1,NA,NA,NA,NA,NA,NA
"Actinopterygii","Stomiiformes","Sternoptychidae","Argyropelecus","Argyropelecus aculeatus","species",1,11.3,3.428,NA,NA,NA,1,1,1,0,0,0,NA,NA,NA,NA,NA,NA
"Actinopterygii","Stomiiformes","Sternoptychidae","Argyropelecus","Argyropelecus olfersii","species",1.3,14.8,3.5,NA,NA,NA,1,1,1,0,0,0,NA,NA,NA,NA,NA,NA
"Actinopterygii","Stomiiformes","Sternoptychidae","Argyropelecus","Argyropelecus sladeni","species",3.6,NA,NA,3.6,NA,NA,3,0,0,3,0,0,3.92300904918661,NA,NA,3.92300904918661,NA,NA
"Actinopterygii","Pleuronectiformes","Bothidae","Arnoglossus","Arnoglossus imperialis","species",1.8,18.8,5.4,NA,NA,NA,1,1,1,0,0,0,NA,NA,NA,NA,NA,NA
"Actinopterygii","Pleuronectiformes","Pleuronectidae","Atheresthes","Atheresthes spp.","genus",NA,NA,2.60832,NA,NA,2.60832,0,0,1,0,0,1,NA,NA,NA,NA,NA,NA
"Actinopterygii","Pleuronectiformes","Pleuronectidae","Atheresthes","Atheresthes stomias","species",6.14076366666667,13.6,5.04413576929825,6.14076366666667,13.6,5.04413576929825,6,3,57,6,3,57,4.47423206279588,1.3114877048604,0.849269255082578,4.47423206279588,1.3114877048604,0.849269255082578
"Actinopterygii","Atheriniformes","Atherinidae","Atherinopsis","Atherinopsis californiensis","species",1.484,NA,NA,1.484,NA,NA,20,0,0,20,0,0,0.665387896366908,NA,NA,0.665387896366908,NA,NA
"Malacostraca","Amphipoda","Atylidae","Atylus","Atylus spp.","genus",NA,NA,2.717121235,NA,NA,2.717121235,0,0,4,0,0,4,NA,NA,0.269217695748402,NA,NA,0.269217695748402
"Malacostraca","Amphipoda","Atylidae","Atylus","Atylus tridens","species",5.4,NA,1.25,5.4,NA,1.25,1,0,1,1,0,1,NA,NA,NA,NA,NA,NA
"Actinopterygii","Anguilliformes","Nemichthyidae","Avocettina","Avocettina infans","species",2.8,7.3,3.1768,NA,NA,NA,1,1,1,0,0,0,NA,NA,NA,NA,NA,NA
"Actinopterygii","Argentiniformes","Bathylagidae","Bathylagoides","Bathylagoides wesethi","species",2.4,8.5,2.85,2.4,8.5,2.85,1,1,1,1,1,1,NA,NA,NA,NA,NA,NA
"Elasmobranchii","Rajiformes","Arhynchobatidae","Bathyraja","Bathyraja interrupta","species",4.6,15.3,4.76666666666667,4.6,15.3,4.76666666666667,3,3,3,3,3,3,0.984885780179611,1.37477270848675,0.115470053837925,0.984885780179611,1.37477270848675,0.115470053837925
"Actinopterygii","Beloniformes","Belonidae","Belone","Belone belone","species",2.9,20.1,6.2,NA,NA,NA,1,1,1,0,0,0,NA,NA,NA,NA,NA,NA
"Actinopterygii","Myctophiformes","Myctophidae","Benthosema","Benthosema glaciale","species",10.6,13.95,7.08,NA,NA,NA,2,2,2,0,0,0,4.3840620433565904,0.0707106781186545,1.66877200360025,NA,NA,NA
"Elasmobranchii","Rajiformes","Rajidae","Beringraja","Beringraja binoculata","species",1.2,NA,NA,1.2,NA,NA,1,0,0,1,0,0,NA,NA,NA,NA,NA,NA
"Nuda","Beroida","Beroidae","Beroe","Beroe gracilis","species",0.164936,0.189054,NA,NA,NA,NA,1,1,0,0,0,0,NA,NA,NA,NA,NA,NA
"Nuda","Beroida","Beroidae","Beroe","Beroe spp.","genus",0.094,0.436,0.1850465,NA,NA,0.19646,1,1,2,0,0,1,NA,NA,0.0161411264941452,NA,NA,NA
"Cephalopoda","Oegopsida","Gonatidae","Berryteuthis","Berryteuthis anonychus","species",NA,10.6,6.070312,NA,10.6,6.070312,0,1,5,0,1,5,NA,NA,1.21071193853864,NA,NA,1.21071193853864
"Cephalopoda","Oegopsida","Gonatidae","Berryteuthis","Berryteuthis magister","species",5.27142857142857,11.7142857142857,5.0985,5.27142857142857,11.7142857142857,5.0985,7,7,17,7,7,17,2.1967508474368,1.66175466643803,1.0509490010462,2.1967508474368,1.66175466643803,1.0509490010462
"Cephalopoda","Oegopsida","Gonatidae","Berryteuthis","Berryteuthis spp.","genus",NA,NA,4.80646060844333,NA,NA,4.80646060844333,0,0,3,0,0,3,NA,NA,1.45324788650018,NA,NA,1.45324788650018
"Actinopterygii","Beryciformes","Berycidae","Beryx","Beryx splendens","species",2.615,19.71,NA,NA,NA,NA,2,2,0,0,0,0,0.728319984622144,4.65276262020748,NA,NA,NA,NA
"Tentaculata","Lobata","Bolinopsidae","Bolinopsis","Bolinopsis infundibulum","species",0.0189357,0.049911,NA,NA,NA,NA,1,1,0,0,0,0,NA,NA,NA,NA,NA,NA
"Actinopterygii","Perciformes","Sparidae","Boops","Boops boops","species",5.8,19.8,8,NA,NA,NA,1,1,1,0,0,0,NA,NA,NA,NA,NA,NA
"Actinopterygii","Perciformes","Bramidae","Brama","Brama brama","species",10.85,18.38,8.65,NA,NA,NA,1,1,1,0,0,0,NA,NA,NA,NA,NA,NA
"Actinopterygii","Perciformes","Bramidae","Brama","Brama japonica","species",0.87,NA,NA,0.87,NA,NA,1,0,0,1,0,0,NA,NA,NA,NA,NA,NA
"Actinopterygii","Gadiformes","Bregmacerotidae","Bregmaceros","Bregmaceros mcclellandi","species",1.6,15,NA,NA,NA,NA,1,1,0,0,0,0,NA,NA,NA,NA,NA,NA
"Hexanauplia","Calanoida","Calanidae","Calanus","Calanus finmarchicus","species",8.17,11,6.36,NA,NA,NA,2,1,1,0,0,0,1.79605122421383,NA,NA,NA,NA,NA
"Hexanauplia","Calanoida","Calanidae","Calanus","Calanus spp.","genus",NA,NA,3.39234104857143,NA,NA,3.39234104857143,0,0,7,0,0,7,NA,NA,0.732684687142752,NA,NA,0.732684687142752
"Actinopterygii","Tetraodontiformes","Balistidae","Canthidermis","Canthidermis maculata","species",0.59,20.58,5.95780416,NA,NA,5.95780416,1,1,1,0,0,1,NA,NA,NA,NA,NA,NA
"Actinopterygii","Perciformes","Caproidae","Capros","Capros aper","species",4.8,17.2,6.2,NA,NA,NA,1,1,1,0,0,0,NA,NA,NA,NA,NA,NA
"Actinopterygii","Perciformes","Centrolophidae","Centrolophus","Centrolophus niger","species",6.074,17.25,NA,NA,NA,NA,1,1,0,0,0,0,NA,NA,NA,NA,NA,NA
"Actinopterygii","Myctophiformes","Myctophidae","Ceratoscopelus","Ceratoscopelus maderensis","species",8.2,NA,7.22,NA,NA,NA,1,0,1,0,0,0,NA,NA,NA,NA,NA,NA
"Actinopterygii","Myctophiformes","Myctophidae","Ceratoscopelus","Ceratoscopelus townsendi","species",9.65,9.2,7.15666666666667,11.1666666666667,9.2,7.15666666666667,8,3,3,6,3,3,4.54155417073432,0.556776436283002,1.9691961134771,4.21552685517085,0.556776436283002,1.9691961134771
"Actinopterygii","Myctophiformes","Myctophidae","Ceratoscopelus","Ceratoscopelus warmingii","species",6.525,11.5,NA,6.525,11.5,NA,4,1,0,4,1,0,9.38345174584847,NA,NA,9.38345174584847,NA,NA
"Actinopterygii","Stomiiformes","Stomiidae","Chauliodus","Chauliodus macouni","species",7.5,10.4,5.434,7.5,10.4,5.434,1,1,1,1,1,1,NA,NA,NA,NA,NA,NA
"Actinopterygii","Perciformes","Chiasmodontidae","Chiasmodon","Chiasmodon niger","species",56.89,NA,NA,NA,NA,NA,1,0,0,0,0,0,NA,NA,NA,NA,NA,NA
"Actinopterygii","Ophidiiformes","Ophidiidae","Chilara","Chilara taylori","species",NA,NA,3.39,NA,NA,3.39,0,0,1,0,0,1,NA,NA,NA,NA,NA,NA
"Cephalopoda","Oegopsida","Chiroteuthidae","Chiroteuthis","Chiroteuthis calyx","species",4.61,5.36975,2.94239831559,4.61,5.36975,2.94239831559,3,4,3,3,4,3,0.675499814951862,1.81343327696389,1.06467723219218,0.675499814951862,1.81343327696389,1.06467723219218
"Cephalopoda","Oegopsida","Chiroteuthidae","Chiroteuthis","Chiroteuthis veranii","species",1.2,NA,NA,NA,NA,NA,1,0,0,0,0,0,NA,NA,NA,NA,NA,NA
"Actinopterygii","Aulopiformes","Chlorophthalmidae","Chlorophthalmus","Chlorophthalmus agassizi","species",0.53,22.34,4.43,NA,NA,NA,1,1,1,0,0,0,NA,NA,NA,NA,NA,NA
"Actinopterygii","Pleuronectiformes","Paralichthyidae","Citharichthys","Citharichthys sordidus","species",9.23,16.85,3.32359748,9.23,16.85,3.32359748,4,2,4,4,2,4,9.01759021764314,0.212132034355965,1.22207364594128,9.01759021764314,0.212132034355965,1.22207364594128
"Actinopterygii","Pleuronectiformes","Paralichthyidae","Citharichthys","Citharichthys stigmaeus","species",2.74,NA,3.71734353875,2.74,NA,3.71734353875,1,0,8,1,0,8,NA,NA,1.37150166499928,NA,NA,1.37150166499928
"Gastropoda","Pteropoda","Cliidae","Cilo","Clio pyramidata","species",1.59,NA,NA,NA,NA,NA,1,0,0,0,0,0,NA,NA,NA,NA,NA,NA
"Gastropoda","Pteropoda","Clionidae","Clione","Clione antarctica","species",3.85966,1.82,1.96664,NA,NA,NA,2,1,1,0,0,0,1.8248163280725,NA,NA,NA,NA,NA
"Gastropoda","Pteropoda","Clionidae","Clione","Clione limacina","species",2.6492,2.6962,1.5094816,NA,NA,1.97296,3,1,2,0,0,1,1.12773131551802,NA,0.655457439146983,NA,NA,NA
"Actinopterygii","Clupeiformes","Clupeidae","Clupea","Clupea pallasii","species",10.9360202531646,15.7930188679245,7.15666445697674,10.9018666666667,15.7948076923077,7.15216183554687,79,53,129,78,52,128,5.25824146987203,1.44814547838269,2.61506855218884,5.28344915034951,1.46221493335016,2.62484185425365
"Actinopterygii","Beloniformes","Scomberesocidae","Cololabis","Cololabis saira","species",7.72759294117647,19.152138,7.02493333333333,7.72759294117647,19.152138,7.02493333333333,34,2,6,34,2,6,4.46611819302256,0.0148110586387274,1.99701259552029,4.46611819302256,0.0148110586387274,1.99701259552029
"Actinopterygii","Perciformes","Nomeidae","Cubiceps","Cubiceps gracilis","species",18.9,NA,NA,18.9,NA,NA,1,0,0,1,0,0,NA,NA,NA,NA,NA,NA
"Scyphozoa","Semaeostomeae","Cyaneidae","Cyanea","Cyanea capillata","species",0.02613375,NA,NA,NA,NA,NA,1,0,0,0,0,0,NA,NA,NA,NA,NA,NA
"Actinopterygii","Perciformes","Embiotocidae","Cymatogaster","Cymatogaster aggregata","species",2.50842105263158,NA,5.1117213525,2.50842105263158,NA,5.1117213525,19,0,4,19,0,4,1.04243978327498,NA,0.457241550916344,1.04243978327498,NA,0.457241550916344
"Actinopterygii","Myctophiformes","Myctophidae","Dasyscopelus","Dasyscopelus asper","species",10.8,NA,NA,10.8,NA,NA,1,0,0,1,0,0,NA,NA,NA,NA,NA,NA
"Actinopterygii","Perciformes","Carangidae","Decapterus","Decapterus macarellus","species",NA,NA,6.52704,NA,NA,6.52704,0,0,1,0,0,1,NA,NA,NA,NA,NA,NA
"Actinopterygii","Perciformes","Carangidae","Decapterus","Decapterus macrosoma","species",9.715,23.535,NA,9.8,22.97,NA,2,2,0,1,1,0,0.120208152801713,0.7990306627408,NA,NA,NA,NA
"Actinopterygii","Myctophiformes","Myctophidae","Diaphus","Diaphus effulgens","species",4.86,16.54,NA,NA,NA,NA,1,1,0,0,0,0,NA,NA,NA,NA,NA,NA
"Actinopterygii","Myctophiformes","Myctophidae","Diaphus","Diaphus perspicillatus","species",3.15,NA,NA,3.15,NA,NA,2,0,0,2,0,0,1.48492424049175,NA,NA,1.48492424049175,NA,NA
"Actinopterygii","Myctophiformes","Myctophidae","Diaphus","Diaphus theta","species",14.2125,12.8195,10.0904571428571,13.86,12.908,10.2116666666667,16,8,7,15,7,6,7.88626443043008,1.63160280530701,2.05867824817862,8.03152716308851,1.74146911160281,2.22763925864729
"Actinopterygii","Perciformes","Sparidae","Diplodus","Diplodus sargus","species",2.01,18.7,NA,NA,NA,NA,1,1,0,0,0,0,NA,NA,NA,NA,NA,NA
"Actinopterygii","Perciformes","Gempylidae","Diplospinus","Diplospinus multistriatus","species",NA,NA,10.21,NA,NA,10.21,0,0,1,0,0,1,NA,NA,NA,NA,NA,NA
"Cephalopoda","Myopsida","Loliginidae","Doryteuthis","Doryteuthis opalescens","species",1.17081504838575,16.3667041235691,4.3899307182656,1.20429142936457,16.3655149851252,4.42128473422706,30,29,46,29,28,45,0.310003004508148,1.58174995575446,0.772798189385312,0.254388116631031,1.61076211111185,0.751359419988927
"Cephalopoda","Oegopsida","Ommastrephidae","Dosidicus","Dosidicus gigas","species",0.6,14.5,5.3945,0.6,14.5,5.3945,1,1,2,1,1,2,NA,NA,1.6609938290072,NA,NA,1.6609938290072
"Actinopterygii","Myctophiformes","Myctophidae","Electrona","Electrona risso","species",NA,NA,5.155,NA,NA,5.155,0,0,1,0,0,1,NA,NA,NA,NA,NA,NA
"Cephalopoda","Octopoda","Eledonidae","Eledone","Eledone cirrhosa","species",2.8,16.2,4.7,NA,NA,NA,1,1,1,0,0,0,NA,NA,NA,NA,NA,NA
"Malacostraca","Decapoda","Hippidae","Emerita","Emerita spp.","genus",NA,NA,2.04875627,NA,NA,2.04875627,0,0,1,0,0,1,NA,NA,NA,NA,NA,NA
"Actinopterygii","Clupeiformes","Engraulidae","Engraulis","Engraulis capensis","species",4.231,19.7,5.13,NA,NA,NA,10,1,1,0,0,0,2.19957798982744,NA,NA,NA,NA,NA
"Actinopterygii","Clupeiformes","Engraulidae","Engraulis","Engraulis encrasicolus","species",3.4,19.6,5.39875,NA,NA,NA,1,1,4,0,0,0,NA,NA,0.545441335067301,NA,NA,NA
"Actinopterygii","Clupeiformes","Engraulidae","Engraulis","Engraulis japonicus","species",6.25,17.45,5.22651428571429,7.7,18.3,5.24766666666667,2,2,7,1,1,6,2.05060966544099,1.20208152801713,1.33641891564555,NA,NA,1.46268939514398
"Actinopterygii","Clupeiformes","Engraulidae","Engraulis","Engraulis mordax","species",5.09364014796241,16.5189002523685,5.59659071346439,4.84988537178686,16.6548452649869,5.577755481301,24,21,41,23,20,40,3.46877119329814,1.08075417137096,1.3486097705188,3.32993819777508,0.906077493701891,1.36031780160982
"Actinopterygii","Syngnathiformes","Syngnathidae","Entelurus","Entelurus aequoreus","species",1.9,14.7,4.7,NA,NA,NA,1,1,1,0,0,0,NA,NA,NA,NA,NA,NA
"Petromyzonti","Petromyzontiformes","Petromyzontidae","Entosphenus","Entosphenus tridentatus","species",21.9,NA,NA,NA,NA,NA,1,0,0,0,0,0,NA,NA,NA,NA,NA,NA
"Actinopterygii","Pleuronectiformes","Pleuronectidae","Eopsetta","Eopsetta jordani","species",4.9,15.9,4.5144,NA,NA,NA,1,1,1,0,0,0,NA,NA,NA,NA,NA,NA
"Cephalopoda","Oegopsida","Ommastrephidae","Eucleoteuthis","Eucleoteuthis luminosa","species",1.5,NA,NA,1.5,NA,NA,1,0,0,1,0,0,NA,NA,NA,NA,NA,NA
"Malacostraca","Euphausiacea","Euphausiidae","Euphausia","Euphausia pacifica","species",2.148710921875,12.31323886,3.09097332428571,2.148710921875,12.31323886,3.09097332428571,48,10,14,48,10,14,1.44993133232275,2.65920040131796,0.356075115962745,1.44993133232275,2.65920040131796,0.356075115962745
"Malacostraca","Decapoda","Sergestidae","Eusergestes","Eusergestes arcticus","species",9.4,15.5,NA,NA,NA,NA,1,1,0,0,0,0,NA,NA,NA,NA,NA,NA
"Malacostraca","Decapoda","Sergestidae","Eusergestes","Eusergestes similis","species",3.4212748,10.8836676,4.184,3.4212748,10.8836676,4.184,2,1,1,2,1,1,0.111334245540534,NA,NA,0.111334245540534,NA,NA
"Actinopterygii","Scorpaeniformes","Triglidae","Eutrigla","Eutrigla gurnardus","species",1.55,NA,NA,NA,NA,NA,1,0,0,0,0,0,NA,NA,NA,NA,NA,NA
"Malacostraca","Decapoda","Pinnotheridae","Fabia","Fabia subquadrata","species",NA,NA,3.57300604,NA,NA,3.57300604,0,0,6,0,0,6,NA,NA,0.68121369589048,NA,NA,0.68121369589048
"Actinopterygii","Gadiformes","Gadidae","Gadus","Gadus macrocephalus","species",1.96162,14.8742857142857,3.86730769230769,1.96162,14.8742857142857,3.86730769230769,10,7,26,10,7,26,0.701238505629702,0.761552299426576,0.285093075220114,0.701238505629702,0.761552299426576,0.285093075220114
"Actinopterygii","Gadiformes","Lotidae","Gaidropsarus","Gaidropsarus vulgaris","species",2.6,17.2,5.5,NA,NA,NA,1,1,1,0,0,0,NA,NA,NA,NA,NA,NA
"Cephalopoda","Oegopsida","Cranchiidae","Galiteuthis","Galiteuthis phyllura","species",3.3,9.3,3.51,3.3,9.3,3.51,1,1,1,1,1,1,NA,NA,NA,NA,NA,NA
"Actinopterygii","Gasterosteiformes","Gasterosteidae","Gasterosteus","Gasterosteus aculeatus","species",NA,NA,5.39359333333333,NA,NA,5.39359333333333,0,0,3,0,0,3,NA,NA,0.878539482171025,NA,NA,0.878539482171025
"Malacostraca","Decapoda","Benthesicymidae","Gennadas","Gennadas elegans","species",5.6,NA,NA,NA,NA,NA,1,0,0,0,0,0,NA,NA,NA,NA,NA,NA
"Malacostraca","Decapoda","Benthesicymidae","Gennadas","Gennadas spp.","genus",NA,NA,3.7003155993,NA,NA,3.7003155993,0,0,2,0,0,2,NA,NA,0.104463131828618,NA,NA,0.104463131828618
"Actinopterygii","Pleuronectiformes","Pleuronectidae","Glyptocephalus","Glyptocephalus zachirus","species",1.13394857142857,12.12125,3.09548249916667,0.87294,11.6283333333333,3.07668999909091,7,4,12,6,3,11,0.745274458514637,3.65247946606138,0.881563581801432,0.307029050091355,4.30733192746198,0.922067295404377
"Cephalopoda","Oegopsida","Gonatidae","Gonatopsis","Gonatopsis borealis","species",2.83333333333333,10.5333333333333,4.10435909908571,2.83333333333333,10.5333333333333,4.10435909908571,3,3,7,3,3,7,1.00664459136943,1.32035348802256,0.680893618761155,1.00664459136943,1.32035348802256,0.680893618761155
"Cephalopoda","Oegopsida","Gonatidae","Gonatus","Gonatus berryi","species",6.2,8.9,5,6.2,8.9,5,1,1,1,1,1,1,NA,NA,NA,NA,NA,NA
"Cephalopoda","Oegopsida","Gonatidae","Gonatus","Gonatus onyx","species",16,10.5366666666667,6.29,16,10.5366666666667,6.29,2,3,2,2,3,2,5.65685424949238,2.91709330213028,2.22031529292576,5.65685424949238,2.91709330213028,2.22031529292576
"Cephalopoda","Oegopsida","Gonatidae","Gonatus","Gonatus spp.","genus",NA,NA,4.9020545181,NA,NA,4.9020545181,0,0,3,0,0,3,NA,NA,2.551187025818,NA,NA,2.551187025818
"Cephalopoda","Oegopsida","Gonatidae","Gonatus","Gonatus steenstrupi","species",10.9,13.7,5.34,NA,NA,NA,1,1,2,0,0,0,NA,NA,2.20617315730203,NA,NA,NA
"Cephalopoda","Oegopsida","Chiroteuthidae","Grimalditeuthis","Grimalditeuthis bonplandi","species",NA,1.84,NA,NA,1.84,NA,0,1,0,0,1,0,NA,NA,NA,NA,NA,NA
"Actinopterygii","Scorpaeniformes","Sebastidae","Heliocolenus","Helicolenus dactylopterus","species",6.51,19.225,6.36,NA,NA,NA,2,2,2,0,0,0,8.04687516990291,1.44956890143242,4.01636651713959,NA,NA,NA
"Actinopterygii","Scorpaeniformes","Cottidae","Hemilepidotus","Hemilepidotus hemilepidotus","species",4.1316,NA,5.0697917725,4.1316,NA,5.0697917725,2,0,4,2,0,4,3.77368746983637,NA,1.67481795693273,3.77368746983637,NA,1.67481795693273
"Actinopterygii","Scorpaeniformes","Cottidae","Hemilepidotus","Hemilepidotus spinosus","species",NA,NA,5.3032518675,NA,NA,5.3032518675,0,0,4,0,0,4,NA,NA,1.65146950749111,NA,NA,1.65146950749111
"Actinopterygii","Scorpaeniformes","Cottidae","Hemilepidotus","Hemilepidotus spp.","genus",NA,NA,5.25348983,NA,NA,5.25348983,0,0,8,0,0,8,NA,NA,0.795220600460211,NA,NA,0.795220600460211
"Actinopterygii","Scorpaeniformes","Hexagrammidae","Hexagrammos","Hexagrammos spp.","genus",NA,NA,4.629912975,NA,NA,4.629912975,0,0,8,0,0,8,NA,NA,0.410713202240107,NA,NA,0.410713202240107
"Actinopterygii","Pleuronectiformes","Pleuronectidae","Hippoglossoides","Hippoglossoides elassodon","species",1.5,NA,NA,1.5,NA,NA,2,0,0,2,0,0,0.565685424949238,NA,NA,0.565685424949238,NA,NA
"Cephalopoda","Oegopsida","Histioteuthidae","Histioteuthis","Histioteuthis heteropsis","species",NA,NA,1.916393202692,NA,NA,1.916393202692,0,0,5,0,0,5,NA,NA,0.697362791243877,NA,NA,0.697362791243877
"Malacostraca","Mysida","Mysidae","Holmesimysis","Holmesimysis sculpta","species",NA,NA,1.6,NA,NA,1.6,0,0,1,0,0,1,NA,NA,NA,NA,NA,NA
"Actinopterygii","Myctophiformes","Myctophidae","Hygophum","Hygophum hygomii","species",1.75,NA,6.06,1.75,NA,NA,2,0,1,2,0,0,0.0707106781186548,NA,NA,0.0707106781186548,NA,NA
"Malacostraca","Amphipoda","Hyperiidae","Hyperia","Hyperia galba","species",2.415,3.9445,NA,2.415,3.9445,NA,1,1,0,1,1,0,NA,NA,NA,NA,NA,NA
"Malacostraca","Amphipoda","Hyperiidae",NA,"Hyperiidae spp.","family",NA,NA,2.40311653333333,NA,NA,2.40311653333333,0,0,3,0,0,3,NA,NA,0.187694175772014,NA,NA,0.187694175772014
"Actinopterygii","Osmeriformes","Osmeridae","Hypomesus","Hypomesus pretiosus","species",4.422,NA,5.33717276125,4.422,NA,5.33717276125,1,0,8,1,0,8,NA,NA,0.666819275777786,NA,NA,0.666819275777786
"Actinopterygii","Perciformes","Centrolophidae","Icichthys","Icichthys lockingtoni","species",16.2,NA,NA,16.2,NA,NA,1,0,0,1,0,0,NA,NA,NA,NA,NA,NA
"Actinopterygii","Stomiiformes","Stomiidae","Idiacanthus","Idiacanthus antrostomus","species",5.8,NA,NA,5.8,NA,NA,3,0,0,3,0,0,1.85202591774521,NA,NA,1.85202591774521,NA,NA
"Cephalopoda","Oegopsida","Ommastrephidae","Illex","Illex argentinus","species",4.51,13.88,5.717,NA,NA,NA,2,1,2,0,0,0,4.79418397644479,NA,0.994192134348286,NA,NA,NA
"Cephalopoda","Oegopsida","Ommastrephidae","Illex","Illex coindetii","species",1.46,17.3,4.3,NA,NA,NA,2,1,1,0,0,0,0.622253967444162,NA,NA,NA,NA,NA
"Actinopterygii","Pleuronectiformes","Pleuronectidae","Isopsetta","Isopsetta isolepis","species",NA,NA,4.177923072,NA,NA,4.177923072,0,0,5,0,0,5,NA,NA,1.39298548456073,NA,NA,1.39298548456073
"Actinopterygii","Pleuronectiformes","Pleuronectidae","Isopsetta","Isopsetta lepidopsetta","species",NA,NA,3.20177624,NA,NA,3.20177624,0,0,1,0,0,1,NA,NA,NA,NA,NA,NA
"Cephalopoda","Octopoda","Amphitretidae","Japetella","Japetella heathi","species",NA,13.8,2.8,NA,13.8,2.8,0,1,1,0,1,1,NA,NA,NA,NA,NA,NA
"Actinopterygii","Perciformes","Scombridae","Katsuwonus","Katsuwonus pelamis","species",0.41,24.13,6.12956,NA,NA,6.12956,1,1,2,0,0,2,NA,NA,0.0887560431745353,NA,NA,0.0887560431745353
"Actinopterygii","Myctophiformes","Myctophidae","Lampadena","Lampadena luminosa","species",1,11.2,3.971,NA,NA,NA,1,1,1,0,0,0,NA,NA,NA,NA,NA,NA
"Actinopterygii","Myctophiformes","Myctophidae","Lampanyctodes","Lampanyctodes hectoris","species",18.4,14.7,NA,NA,NA,NA,7,5,0,0,0,0,4.38025874426005,0.836660026534076,NA,NA,NA,NA
"Actinopterygii","Myctophiformes","Myctophidae","Lampanyctus","Lampanyctus alatus","species",1.3,13.8,3.838,NA,NA,NA,2,1,1,0,0,0,1.5556349186104,NA,NA,NA,NA,NA
"Actinopterygii","Myctophiformes","Myctophidae","Lampanyctus","Lampanyctus crocodilus","species",1.6,16.1,4.1,NA,NA,NA,1,1,1,0,0,0,NA,NA,NA,NA,NA,NA
"Actinopterygii","Myctophiformes","Myctophidae","Lampanyctus","Lampanyctus regalis","species",12.1,11.8,7.6,12.1,11.8,7.6,1,1,1,1,1,1,NA,NA,NA,NA,NA,NA
"Actinopterygii","Myctophiformes","Myctophidae","Lampanyctus","Lampanyctus ritteri","species",12.820106575,9.6022,7.43925,12.820106575,9.6022,7.43925,8,5,4,8,5,4,3.92640499192074,1.60991434554761,1.50437215586215,3.92640499192074,1.60991434554761,1.50437215586215
"Actinopterygii","Myctophiformes","Myctophidae","Lampanyctus","Lampanyctus spp.","genus",NA,NA,7.4498214164275,NA,NA,7.4498214164275,0,0,1,0,0,1,NA,NA,NA,NA,NA,NA
"Actinopterygii","Perciformes","Gempylidae","Lepidocybium","Lepidocybium flavobrunneum","species",19.6745,16.7926666666667,10.16,19.71175,16.7926666666667,10.16,6,3,1,4,3,1,0.977910783251724,0.340237172180428,NA,1.12322404265578,0.340237172180428,NA
"Actinopterygii","Pleuronectiformes","Pleuronectidae","Lepidopsetta","Lepidopsetta bilineata","species",1.825,16.57,3.13575411333333,1.825,16.57,3.13575411333333,2,2,6,2,2,6,1.1667261889578,5.69928065636357,0.675355989984588,1.1667261889578,5.69928065636357,0.675355989984588
"Actinopterygii","Scorpaeniformes","Cottidae","Leptocottus","Leptocottus armatus","species",1.58,NA,NA,1.58,NA,NA,2,0,0,2,0,0,0.0176776695296638,NA,NA,0.0176776695296638,NA,NA
"Actinopterygii","Argentiniformes","Bathylagidae","Leuroglossus","Leuroglossus schmidti","species",11.5888933333333,11.9,6.82366285714286,11.5888933333333,11.9,6.82366285714286,6,5,7,6,5,7,2.01578117569013,1.45086181285469,1.02085562227173,2.01578117569013,1.45086181285469,1.02085562227173
"Actinopterygii","Argentiniformes","Bathylagidae","Leuroglossus","Leuroglossus stilbius","species",6.2,6.9,3.899,6.2,6.9,3.899,1,1,1,1,1,1,NA,NA,NA,NA,NA,NA
"Gastropoda","Pteropoda","Limacinidae","Limacina","Limacina spp.","genus",NA,NA,1.842660744,NA,NA,1.842660744,0,0,5,0,0,5,NA,NA,0.831073417262758,NA,NA,0.831073417262758
"Actinopterygii","Scorpaeniformes","Liparidae","Liparis","Liparis spp.","genus",NA,NA,3.762,NA,NA,3.762,0,0,1,0,0,1,NA,NA,NA,NA,NA,NA
"Actinopterygii","Argentiniformes","Bathylagidae","Lipolagus","Lipolagus ochotensis","species",5.55,6.85,3.406225,5.55,6.85,3.406225,3,2,4,3,2,4,3.39079636663719,0.919238815542512,1.22060394508893,3.39079636663719,0.919238815542512,1.22060394508893
"Actinopterygii","Myctophiformes","Myctophidae","Lobianchia","Lobianchia gemellarii","species",5.1,14.15,5.7415,NA,NA,NA,2,2,2,0,0,0,4.94974746830583,6.57609306503489,4.04252946804349,NA,NA,NA
"Actinopterygii","Perciformes","Zoarcidae","Lycodapus","Lycodapus fierasfer","species",6.1,9.1,4.57292,6.1,9.1,4.57292,1,1,1,1,1,1,NA,NA,NA,NA,NA,NA
"Cephalopoda","Oegopsida","Lycoteuthidae","Lycoteuthis","Lycoteuthis lorigera","species",3.2,NA,NA,3.2,NA,NA,1,0,0,1,0,0,NA,NA,NA,NA,NA,NA
"Actinopterygii","Pleuronectiformes","Pleuronectidae","Lyopsetta","Lyopsetta exilis","species",NA,16.75,4.12285917333333,NA,16.75,4.12285917333333,0,1,3,0,1,3,NA,NA,0.809189044586083,NA,NA,0.809189044586083
"Actinopterygii","Syngnathiformes","Centriscidae","Macroramphosus","Macroramphosus scolopax","species",NA,NA,4.407,NA,NA,NA,0,0,2,0,0,0,NA,NA,0.668923015002474,NA,NA,NA
"Actinopterygii","Aulopiformes","Paralepididae","Magnisudis","Magnisudis atlantica","species",6.19,NA,NA,NA,NA,NA,1,0,0,0,0,0,NA,NA,NA,NA,NA,NA
"Actinopterygii","Perciformes","Istiophoridae","Makaira","Makaira mazara","species",2.7,24.4,NA,2.7,24.4,NA,1,1,0,1,1,0,NA,NA,NA,NA,NA,NA
"Actinopterygii","Osmeriformes","Osmeridae","Mallotus","Mallotus villosus","species",6.19308888888889,14.4483333333333,6.42361755102041,6.02730909090909,14.44,6.44821434782609,36,30,49,33,27,46,3.03578851049352,0.873273995527388,1.40626386283912,2.85545259299682,0.83439522087281,1.36813484314417
"Cephalopoda","Oegopsida","Mastigoteuthidae","Mastigotragus","Mastigotragus pyrodes","species",NA,NA,1.9098628272,NA,NA,1.9098628272,0,0,1,0,0,1,NA,NA,NA,NA,NA,NA
"Actinopterygii","Stomiiformes","Sternoptychidae","Maurolicus","Maurolicus muelleri","species",1.4,14.9,4.097,NA,NA,NA,1,1,1,0,0,0,NA,NA,NA,NA,NA,NA
"Actinopterygii","Perciformes","Kyphosidae","Medialuna","Medialuna californiensis","species",NA,19.8,NA,NA,19.8,NA,0,1,0,0,1,0,NA,NA,NA,NA,NA,NA
"Malacostraca","Euphausiacea","Euphausiidae","Meganycitphanes","Meganyctiphanes norvegica","species",2.9,15.65,3.9,NA,NA,NA,3,2,1,0,0,0,2.28691932520585,0.212132034355965,NA,NA,NA,NA
"Actinopterygii","Stephanoberyciformes","Melamphaidae","Melamphaes","Melamphaes lugubris","species",32.3,10.2,15.27,32.3,10.2,15.27,1,1,1,1,1,1,NA,NA,NA,NA,NA,NA
"Actinopterygii","Gadiformes","Merlucciidae","Merluccius","Merluccius productus","species",3.811875,13.226625,4.48778285714286,3.84214285714286,13.0447142857143,4.60741333333333,8,8,7,7,7,6,2.35920376625553,2.01666973976547,1.14008591930191,2.54655299235204,2.10616450087877,1.19980785839511
"Malacostraca","Decapoda","Cancridae","Metacarcinus","Metacarcinus magister","species",2.014875,14.0726,3.687172399,2.014875,14.0726,3.687172399,4,4,20,4,4,20,1.02598579384252,3.31573693367452,0.812420032092473,1.02598579384252,3.31573693367452,0.812420032092473
"Malacostraca","Decapoda","Cancridae","Metacarcinus","Metacarcinus oregonensis/productus","species",NA,NA,3.44788024642857,NA,NA,3.44788024642857,0,0,14,0,0,14,NA,NA,1.02282262170308,NA,NA,1.02282262170308
"Malacostraca","Decapoda","Cancridae","Metacarcinus","Metacarcinus spp.","genus",NA,NA,2.27182813333333,NA,NA,2.27182813333333,0,0,3,0,0,3,NA,NA,0.124589769635644,NA,NA,0.124589769635644
"Actinopterygii","Gadiformes","Gadidae","Microgadus","Microgadus proximus","species",2.72247333333333,10.96,3.7291497535,2.72247333333333,10.96,3.7291497535,12,5,20,12,5,20,1.56886333800988,1.41350627872677,0.731302628574274,1.56886333800988,1.41350627872677,0.731302628574274
"Actinopterygii","Gadiformes","Gadidae","Micromesistius","Micromesistius poutassou","species",2.7,16.75,4.65,NA,NA,NA,2,2,2,0,0,0,1.69705627484771,0.91923881554251,0.353553390593274,NA,NA,NA
"Actinopterygii","Pleuronectiformes","Pleuronectidae","Microstomus","Microstomus pacificus","species",2.82896,12.905,4.11244566428571,2.6612,12.9733333333333,4.22618660833333,5,4,7,4,3,6,2.98622427289043,4.16532911864917,1.50658722491462,3.42088065074867,5.09871879331792,1.6171256165701
"Actinopterygii","Tetraodontiformes","Molidae","Mola","Mola mola","species",0.5,NA,NA,0.5,NA,NA,1,0,0,1,0,0,NA,NA,NA,NA,NA,NA
"Actinopterygii","Perciformes","Mugilidae","Mugil","Mugil cephalus","species",4.1412,17.02,4.96467380413793,NA,NA,NA,50,30,29,0,0,0,1.92430813434813,0.728044144171265,0.70330783295343,NA,NA,NA
"Actinopterygii","Perciformes","Mullidae","Mullus","Mullus barbatus barbatus","species",4.61,18.5,4.79,NA,NA,NA,1,1,1,0,0,0,NA,NA,NA,NA,NA,NA
"Actinopterygii","Argentiniformes","Microstomatidae","Nansenia","Nansenia candida","species",19,12.1,10.40402,19,12.1,10.40402,1,1,1,1,1,1,NA,NA,NA,NA,NA,NA
"Malacostraca","Euphausiacea","Euphausiidae","Nematoscelis","Nematoscelis difficilis","species",3.4,11.405,NA,3.4,11.405,NA,1,4,0,1,4,0,NA,0.663350083540609,NA,NA,0.663350083540609,NA
"Malacostraca","Euphausiacea","Euphausiidae","Nematoscelis","Nematoscelis megalops","species",2.4,NA,NA,NA,NA,NA,5,0,0,0,0,0,0.73824115301167,NA,NA,NA,NA,NA
"Copepoda","Calanoida","Calanidae","Neocalanus","Neocalanus spp.","genus",NA,NA,4.10096062,NA,NA,4.10096062,0,0,1,0,0,1,NA,NA,NA,NA,NA,NA
"Malacostraca","Lophogastrida","Gnathophausiidae","Neognathophausia","Neognathophausia ingens","species",4.05356666666667,3.8679,2.005,4.83035,4.05185,NA,3,3,1,2,2,0,3.40723761474502,2.58158637856648,NA,4.42698342497462,3.62300301476551,NA
"Malacostraca","Mysida","Mysidae","Neomysis","Neomysis rayii","species",NA,NA,2.42,NA,NA,2.42,0,0,1,0,0,1,NA,NA,NA,NA,NA,NA
"Actinopterygii","Myctophiformes","Myctophidae","Notoscopelus","Notoscopelus kroyeri","species",11.9,16.6,7.9,NA,NA,NA,1,1,1,0,0,0,NA,NA,NA,NA,NA,NA
"Malacostraca","Euphausiacea","Euphausiidae","Nyctiphanes","Nyctiphanes australis","species",0.013,0.124,3.4,NA,NA,NA,1,1,1,0,0,0,NA,NA,NA,NA,NA,NA
"Cephalopoda","Oegopsida","Octopoteuthidae","Octopoteuthis","Octopoteuthis deletron","species",3.13,NA,3.08,3.13,NA,3.08,1,0,1,1,0,1,NA,NA,NA,NA,NA,NA
"Cephalopoda","Oegopsida","Octopoteuthidae","Octopoteuthis","Octopoteuthis sicula","species",NA,17.4,3.79,NA,17.4,4.5,0,1,2,0,1,1,NA,NA,1.0040916292849,NA,NA,NA
"Cephalopoda","Octopoda","Octopodidae","Octopus","Octopus rubescens","species",2.17,14.19,3.347,2.17,14.19,3.347,1,1,1,1,1,1,NA,NA,NA,NA,NA,NA
"Cephalopoda","Octopoda","Octopodidae","Octopus","Octopus vulgaris","species",1,16.0925,3.42,NA,NA,NA,6,4,1,0,0,0,0.923298434960224,1.23232503829144,NA,NA,NA,NA
"Cephalopoda","Oegopsida","Ommastrephidae","Ommastrephes","Ommastrephes bartramii","species",NA,NA,6.688,NA,NA,6.688,0,0,1,0,0,1,NA,NA,NA,NA,NA,NA
"Actinopterygii","Salmoniformes","Salmonidae","Oncorhynchus","Oncorhynchus gorbuscha","species",3.6505225,19.28,5.30580909090909,4.00069666666667,19.28,5.45021111111111,4,1,11,3,1,9,3.61096037179746,NA,1.71616896224966,4.33852746079051,NA,1.8643482731805
"Actinopterygii","Salmoniformes","Salmonidae","Oncorhynchus","Oncorhynchus keta","species",4.26304347826087,14.936,4.77774,4.42045454545454,14.97,5.00206666666667,23,5,10,22,4,9,2.20447568448333,0.680316102999187,1.25404179930336,2.11992694679328,0.78064076245095,1.09684585890635
"Actinopterygii","Salmoniformes","Salmonidae","Oncorhynchus","Oncorhynchus kisutch","species",2.82,12.2466666666667,4.859329849,2.82,12.2466666666667,4.859329849,5,3,10,5,3,10,1.30044223247325,0.518298498293535,1.62359209038805,1.30044223247325,0.518298498293535,1.62359209038805
"Actinopterygii","Salmoniformes","Salmonidae","Oncorhynchus","Oncorhynchus mykiss","species",6.07580366666667,NA,4.61,NA,NA,4.61,6,0,1,0,0,1,2.63977591005007,NA,NA,NA,NA,NA
"Actinopterygii","Salmoniformes","Salmonidae","Oncorhynchus","Oncorhynchus nerka","species",6.72850555555556,13.878,5.66932,3.39662,12.7475,5.625585,18,5,9,5,4,8,3.05632319866097,2.85348383559466,1.99358630262148,1.42525651094812,1.52849326680449,2.12661275781128
"Actinopterygii","Salmoniformes","Salmonidae","Oncorhynchus","Oncorhynchus tshawytscha","species",2.93,12.6933333333333,4.30108225111111,2.632,12.6933333333333,4.30108225111111,10,3,9,5,3,9,1.03146066871748,0.840852741764771,0.255260777798298,1.2244876479573,0.840852741764771,0.255260777798298
"Cephalopoda","Oegopsida","Onychoteuthidae","Onychoteuthis","Onychoteuthis banksii","species",NA,NA,4.4,NA,NA,NA,0,0,2,0,0,0,NA,NA,0.183847763108503,NA,NA,NA
"Cephalopoda","Oegopsida","Onychoteuthidae","Onychoteuthis","Onychoteuthis borealijaponica","species",2.00069914062809,16.8431003049481,4.92191951179049,2.00069914062809,16.8431003049481,4.92191951179049,23,22,34,23,22,34,0.934457244481387,1.47795221861014,0.665760479230082,0.934457244481387,1.47795221861014,0.665760479230082
"Actinopterygii","Scorpaeniformes","Hexagrammidae","Ophiodon","Ophiodon elongatus","species",1.61463333333333,NA,3.92887081727273,1.61463333333333,NA,3.92887081727273,3,0,11,3,0,11,0.721904012548298,NA,0.564031473640644,0.721904012548298,NA,0.564031473640644
"Cephalopoda","Octopoda","Opisthoteuthidae","Opisthoteuthis","Opisthoteuthis californiana","species",1.2,NA,NA,1.2,NA,NA,1,0,0,1,0,0,NA,NA,NA,NA,NA,NA
"Actinopterygii","Osmeriformes","Osmeridae",NA,"Osmeridae spp.","family",NA,NA,3.53552591785714,NA,NA,3.53552591785714,0,0,14,0,0,14,NA,NA,0.988868685124624,NA,NA,0.988868685124624
"Malacostraca","Decapoda","Pandalidae",NA,"Pandalidae spp.","family",NA,NA,2.65882,NA,NA,2.65882,0,0,3,0,0,3,NA,NA,0.605672254650436,NA,NA,0.605672254650436
"Malacostraca","Decapoda","Pandalidae","Pandalus","Pandalus jordani","species",1.28,NA,NA,1.28,NA,NA,1,0,0,1,0,0,NA,NA,NA,NA,NA,NA
"Malacostraca","Decapoda","Pasiphaeidae","Parapasiphae","Parapasiphae sulcatifrons","species",11.75,6.5,4.935,NA,NA,NA,2,1,1,0,0,0,4.03050865276332,NA,NA,NA,NA,NA
"Actinopterygii","Pleuronectiformes","Pleuronectidae","Parophrys","Parophrys vetulus","species",1.16666666666667,NA,NA,1.16666666666667,NA,NA,6,0,0,6,0,0,0.209252638374446,NA,NA,0.209252638374446,NA,NA
"Thaliacea","Salpida","Salpidae","Pegea","Pegea spp.","genus",NA,NA,0.54896114898,NA,NA,0.54896114898,0,0,1,0,0,1,NA,NA,NA,NA,NA,NA
"Scyphozoa","Coronatae","Periphyllidae","Periphylla","Periphylla periphylla","species",0.0959,0.352,NA,NA,NA,NA,5,1,0,0,0,0,0.0247598465261802,NA,NA,NA,NA,NA
"Malacostraca","Amphipoda","Phronimidae","Phronima","Phronima sedentaria","species",0.3448326,7.2899518,1.62656,0.3448326,7.2899518,1.62656,3,2,2,3,2,2,0.212209680524429,7.93380625000677,1.23523069391916,0.212209680524429,7.93380625000677,1.23523069391916
"Actinopterygii","Pleuronectiformes","Pleuronectidae","Platichthys","Platichthys stellatus","species",2.6084748,NA,NA,1.5,NA,NA,2,0,0,1,0,0,1.5676200957088,NA,NA,NA,NA,NA
"Tentaculata","Cydippida","Pleurobrachiidae","Pleurobrachia","Pleurobrachia pileus","species",0.0671500000000001,0.12087,NA,NA,NA,NA,1,1,0,0,0,0,NA,NA,NA,NA,NA,NA
"Tentaculata","Cydippida","Pleurobrachiidae","Pleurobrachia","Pleurobrachia spp.","genus",NA,NA,0.02021,NA,NA,NA,0,0,1,0,0,0,NA,NA,NA,NA,NA,NA
"Malacostraca","Decapoda","Munididae","Pleuroncodes","Pleuroncodes planipes","species",0.805,20.2575,5.64320006,0.805,20.2575,5.64320006,2,4,4,2,4,4,0.0636396103067893,18.6959645824083,5.03444241766017,0.0636396103067893,18.6959645824083,5.03444241766017
"Actinopterygii","Pleuronectiformes","Pleuronectidae","Pleuronichthys","Pleuronichthys coenosus","species",0.495,NA,NA,0.495,NA,NA,2,0,0,2,0,0,0.0494974746830583,NA,NA,0.0494974746830583,NA,NA
"Malacostraca","Decapoda","Polybiidae","Polybius","Polybius henslowii","species",1.4,14.1,4.2,NA,NA,NA,1,1,1,0,0,0,NA,NA,NA,NA,NA,NA
"Malacostraca","Amphipoda","Dexaminidae","Polycheria","Polycheria osborni","species",NA,NA,0.83,NA,NA,0.83,0,0,1,0,0,1,NA,NA,NA,NA,NA,NA
"Actinopterygii","Batrachoidiformes","Batrachoididae","Porichthys","Porichthys notatus","species",NA,NA,3.36,NA,NA,3.36,0,0,1,0,0,1,NA,NA,NA,NA,NA,NA
"Actinopterygii","Stephanoberyciformes","Melamphaidae","Poromitra","Poromitra crassiceps","species",8.6270442,7.897018,5.26133,8.6270442,7.897018,5.26133,2,2,2,2,2,2,11.1340408683239,2.69122295335188,5.07381642413282,11.1340408683239,2.69122295335188,5.07381642413282
"Malacostraca","Amphipoda","Phrosinidae","Primno","Primno macropa","species",4.09666666666667,6.525,4.076,6.3,NA,NA,3,2,1,1,0,0,2.59249558019553,2.43951839509359,NA,NA,NA,NA
"Actinopterygii","Myctophiformes","Myctophidae","Protomyctophum","Protomyctophum crockeri","species",3.73333333333333,NA,NA,3.73333333333333,NA,NA,3,0,0,3,0,0,2.04287379280594,NA,NA,2.04287379280594,NA,NA
"Actinopterygii","Pleuronectiformes","Pleuronectidae","Psettichthys","Psettichthys melanostictus","species",1.384,17.1333333333333,3.11180281833333,1.384,17.1333333333333,3.11180281833333,5,3,6,5,3,6,1.80716075654602,2.00083315979452,1.29586103642198,1.80716075654602,2.00083315979452,1.29586103642198
"Actinopterygii","Argentiniformes","Bathylagidae","Pseudobathylagus","Pseudobathylagus milleri","species",10.7,8.5,6.2491,10.7,8.5,6.2491,1,1,1,1,1,1,NA,NA,NA,NA,NA,NA
"Thaliacea","Pyrosomatida","Pyrosomatidae","Pyrosoma","Pyrosoma atlanticum","species",0.232656824458672,1.63586745035716,0.3585785,0.229580377798103,1.82947086042859,0.3742,10,6,4,7,5,3,0.138393336266628,0.577131807783021,0.115872537941481,0.0379469129578999,0.367742167161954,0.136658259904039
"Elasmobranchii","Rajiformes","Rajidae","Raja","Raja rhina","species",1.2,NA,NA,1.2,NA,NA,1,0,0,1,0,0,NA,NA,NA,NA,NA,NA
"Actinopterygii","Perciformes","Bathymasteridae","Ronquilus","Ronquilus jordani","species",2.2791,NA,3.72578543307692,2.2791,NA,3.72578543307692,1,0,13,1,0,13,NA,NA,1.12629987551122,NA,NA,1.12629987551122
"Cephalopoda","Sepiida","Sepiolidae","Rossia","Rossia pacifica","species",2.26666666666667,NA,NA,2.26666666666667,NA,NA,3,0,0,3,0,0,0.702376916856849,NA,NA,0.702376916856849,NA,NA
"Thaliacea","Salpida","Salpidae","Salpa","Salpa spp.","genus",NA,NA,0.15048,NA,NA,0.15048,0,0,1,0,0,1,NA,NA,NA,NA,NA,NA
"Actinopterygii","Clupeiformes","Clupeidae","Sardina","Sardina pilchardus","species",11.7,17.8,7.365,NA,NA,NA,1,1,2,0,0,0,NA,NA,1.88797510576808,NA,NA,NA
"Actinopterygii","Clupeiformes","Clupeidae","Sardinella","Sardinella aurita","species",5.185,19.8170833333333,5.1404,NA,NA,NA,3,3,3,0,0,0,1.80850076029843,0.800547013505974,0.573346806043253,NA,NA,NA
"Actinopterygii","Clupeiformes","Clupeidae","Sardinops","Sardinops sagax","species",8.08428571428571,17.742,5.31190576263158,11.6154545454545,17.7244444444444,5.30145608277778,42,10,19,22,9,18,6.26317621551719,1.42264854721357,2.16840205683881,6.76259863216355,1.50779732649245,2.23077498634781
"Actinopterygii","Perciformes","Scombridae","Scomber","Scomber japonicus","species",7.95444444444444,19.2133333333333,6.73433333333333,10.448,19.3625,6.6692,9,6,6,5,4,5,7.0065774653376804,2.16947612724055,1.87692766687123,8.35162978106669,1.71733077768961,2.09087402776925
"Actinopterygii","Perciformes","Scombridae","Scomber","Scomber scombrus","species",11.85,14.9,7.82333333333333,NA,NA,NA,2,2,3,0,0,0,1.90918830920368,3.67695526217005,0.618573628061635,NA,NA,NA
"Actinopterygii","Beloniformes","Scomberesocidae","Scomberesox","Scomberesox saurus saurus","species",2.1,22.9,5.8,NA,NA,NA,1,1,1,0,0,0,NA,NA,NA,NA,NA,NA
"Actinopterygii","Stephanoberyciformes","Melamphaidae","Scopelogadus","Scopelogadus bispinosus","species",1.7590921,6.1530594,2.33,1.7590921,6.1530594,2.33,2,2,2,2,2,2,1.35636105538489,0.207805389383242,0.777817459305202,1.35636105538489,0.207805389383242,0.777817459305202
"Actinopterygii","Scorpaeniformes","Cottidae","Scorpaenichthys","Scorpaenichthys marmoratus","species",0.6,NA,NA,0.6,NA,NA,3,0,0,3,0,0,0.2,NA,NA,0.2,NA,NA
"Actinopterygii","Scorpaeniformes","Sebastidae","Sebastes","Sebastes alutus","species",NA,NA,6.1655,NA,NA,6.1655,0,0,8,0,0,8,NA,NA,0.535767273569944,NA,NA,0.535767273569944
"Actinopterygii","Scorpaeniformes","Sebastidae","Sebastes","Sebastes auriculatus","species",1.515,NA,4.931284005,1.515,NA,4.931284005,2,0,2,2,0,2,0.473761543394987,NA,0.367636815140963,0.473761543394987,NA,0.367636815140963
"Actinopterygii","Scorpaeniformes","Sebastidae","Sebastes","Sebastes caurinus","species",NA,NA,4.68852566333333,NA,NA,4.68852566333333,0,0,3,0,0,3,NA,NA,1.42198612880834,NA,NA,1.42198612880834
"Actinopterygii","Scorpaeniformes","Sebastidae","Sebastes","Sebastes ciliatus","species",NA,NA,6.1028,NA,NA,6.1028,0,0,5,0,0,5,NA,NA,0.373870565837965,NA,NA,0.373870565837965
"Actinopterygii","Scorpaeniformes","Sebastidae","Sebastes","Sebastes crameri","species",NA,NA,3.76377652,NA,NA,3.76377652,0,0,1,0,0,1,NA,NA,NA,NA,NA,NA
"Actinopterygii","Scorpaeniformes","Sebastidae","Sebastes","Sebastes diploproa","species",0.645,11.057,2.9288,0.645,11.057,2.9288,1,2,1,1,2,1,NA,0.080610173055267,NA,NA,0.080610173055267,NA
"Actinopterygii","Scorpaeniformes","Sebastidae","Sebastes","Sebastes entomelas","species",1.71,NA,5.616566084,1.71,NA,5.616566084,2,0,5,2,0,5,0.0424264068711929,NA,0.953343572609332,0.0424264068711929,NA,0.953343572609332
"Actinopterygii","Scorpaeniformes","Sebastidae","Sebastes","Sebastes flavidus","species",3.4,NA,5.85366773666667,3.4,NA,5.85366773666667,1,0,3,1,0,3,NA,NA,0.284793295846544,NA,NA,0.284793295846544
"Actinopterygii","Scorpaeniformes","Sebastidae","Sebastes","Sebastes jordani","species",NA,NA,5.45268875333333,NA,NA,5.45268875333333,0,0,3,0,0,3,NA,NA,0.870402237664198,NA,NA,0.870402237664198
"Actinopterygii","Scorpaeniformes","Sebastidae","Sebastes","Sebastes melanops","species",NA,NA,5.331015632,NA,NA,5.331015632,0,0,5,0,0,5,NA,NA,0.878492838076516,NA,NA,0.878492838076516
"Actinopterygii","Scorpaeniformes","Sebastidae","Sebastes","Sebastes miniatus","species",1.4,NA,NA,1.4,NA,NA,2,0,0,2,0,0,0.424264068711928,NA,NA,0.424264068711928,NA,NA
"Actinopterygii","Scorpaeniformes","Sebastidae","Sebastes","Sebastes mystinus","species",1.945,18.625,3.682,1.945,18.625,3.682,2,1,1,2,1,1,0,NA,NA,0,NA,NA
"Actinopterygii","Scorpaeniformes","Sebastidae","Sebastes","Sebastes norvegicus","species",2.2,17.3,3.7202,NA,NA,NA,1,1,1,0,0,0,NA,NA,NA,NA,NA,NA
"Actinopterygii","Scorpaeniformes","Sebastidae","Sebastes","Sebastes oculatus","species",2.99,16.61,5.12,NA,NA,NA,1,1,1,0,0,0,NA,NA,NA,NA,NA,NA
"Actinopterygii","Scorpaeniformes","Sebastidae","Sebastes","Sebastes paucispinis","species",0.86,NA,5.79154259,0.86,NA,5.79154259,1,0,2,1,0,2,NA,NA,0.271716726683904,NA,NA,0.271716726683904
"Actinopterygii","Scorpaeniformes","Sebastidae","Sebastes","Sebastes pinniger","species",3.31,NA,4.00385223,3.31,NA,4.00385223,1,0,1,1,0,1,NA,NA,NA,NA,NA,NA
"Actinopterygii","Scorpaeniformes","Sebastidae","Sebastes","Sebastes polyspinis","species",NA,NA,6.23019047619048,NA,NA,6.23019047619048,0,0,21,0,0,21,NA,NA,0.845401893719645,NA,NA,0.845401893719645
"Actinopterygii","Scorpaeniformes","Sebastidae","Sebastes","Sebastes spp.","genus",6.78499166666667,16.0054264672625,4.89357414685714,6.883115625,16.0062016768714,4.87867926882353,9,8,35,8,7,34,3.25562002552893,2.60186585027677,1.72756356699446,3.46614762686745,2.81033532004808,1.75126075413546
"Actinopterygii","Scorpaeniformes","Sebastidae","Sebastolobus","Sebastolobus altivelis","species",NA,NA,3.0397031769725,NA,NA,3.0397031769725,0,0,1,0,0,1,NA,NA,NA,NA,NA,NA
"Malacostraca","Decapoda","Sergestidae",NA,"Sergestidae spp.","family",2.95875,12.9,3.89057142857143,NA,NA,NA,8,7,7,0,0,0,3.85574316534995,2.73252020425589,0.76078005081251,NA,NA,NA
"Actinopterygii","Osmeriformes","Osmeridae","Spirinchus","Spirinchus thaleichthys","species",2.2,NA,NA,2.2,NA,NA,1,0,0,1,0,0,NA,NA,NA,NA,NA,NA
"Actinopterygii","Perciformes","Sparidae","Spondyliosoma","Spondyliosoma cantharus","species",6.8,18.3,6.9,NA,NA,NA,1,1,1,0,0,0,NA,NA,NA,NA,NA,NA
"Gastropoda","Pteropoda","Pneumodermatidae","Spongiobranchaea","Spongiobranchaea australis","species",3.04,2.13,NA,NA,NA,NA,1,1,0,0,0,0,NA,NA,NA,NA,NA,NA
"Elasmobranchii","Squaliformes","Squalidae","Squalus","Squalus acanthias","species",13.1490271818182,12.79,6.42,12.2,NA,NA,11,1,1,1,0,0,3.61586157092986,NA,NA,NA,NA,NA
"Elasmobranchii","Squaliformes","Squalidae","Squalus","Squalus suckleyi","species",15.3,NA,NA,15.3,NA,NA,1,0,0,1,0,0,NA,NA,NA,NA,NA,NA
"Actinopterygii","Myctophiformes","Myctophidae","Stenobrachius","Stenobrachius leucopsarus","species",17.4349810625,11.8702,8.777017436,17.7239798,12.0113333333333,8.85159011,16,10,15,15,9,14,2.62207480872013,1.1341528213703,1.710670458848,2.43610168201295,1.10589601681171,1.74976218789157
"Actinopterygii","Stomiiformes","Sternoptychidae","Sternoptyx","Sternoptyx diaphana","species",4.282,8.33916666666667,2.76675,5.0775,7.967,2.73333333333333,5,6,4,4,5,3,2.86279932932785,1.42274529226656,0.694614221468771,2.5901142188457,1.22124731320073,0.846778207875789
"Actinopterygii","Stomiiformes","Sternoptychidae","Sternoptyx","Sternoptyx obscura","species",1.374237,10.3252473,2.85,1.374237,10.3252473,2.85,2,2,2,2,2,2,0.52925104094182,0.177126430310614,0.0282842712474619,0.52925104094182,0.177126430310614,0.0282842712474619
"Cephalopoda","Oegopsida","Histioteuthidae","Stigmatoteuthis","Stigmatoteuthis dofleini","species",NA,NA,2.65,NA,NA,2.65,0,0,1,0,0,1,NA,NA,NA,NA,NA,NA
"Malacostraca","Euphausiacea","Euphausiidae","Stylocheiron","Stylocheiron abbreviatum","species",2.03,NA,NA,NA,NA,NA,2,0,0,0,0,0,0.523259018078045,NA,NA,NA,NA,NA
"Actinopterygii","Myctophiformes","Myctophidae","Symbolophorus","Symbolophorus californiensis","species",10.1126792284899,14.3832794875187,7.48761483507376,9.61572461304369,14.3832794875187,7.48761483507376,38,31,32,37,31,32,6.82289910169225,1.19583030907432,2.15030674210653,6.18059463280435,1.19583030907432,2.15030674210653
"Actinopterygii","Myctophiformes","Myctophidae","Symbolophorus","Symbolophorus evermanni","species",3.1,13,NA,3.1,13,NA,1,3,0,1,3,0,NA,0,NA,NA,0,NA
"Actinopterygii","Aulopiformes","Synodontidae","Synodus","Synodus lucioceps","species",0.79,NA,NA,0.79,NA,NA,1,0,0,1,0,0,NA,NA,NA,NA,NA,NA
"Malacostraca","Decapoda","Oplophoridae","Systellaspis","Systellaspis debilis","species",2.59,9.3,3.156,NA,NA,NA,3,1,1,0,0,0,0.822374610503024,NA,NA,NA,NA,NA
"Actinopterygii","Stomiiformes","Stomiidae","Tactostoma","Tactostoma macropus","species",10.3,10.3,6.52498,10.3,10.3,6.52498,1,1,1,1,1,1,NA,NA,NA,NA,NA,NA
"Actinopterygii","Myctophiformes","Myctophidae","Tarletonbeania","Tarletonbeania crenularis","species",3.22857142857143,13.186,4.439124,3.2,13.779,4.597955,7,3,5,6,2,4,0.704069801734377,1.06432513829187,0.725452396012309,0.766811580507232,0.394565583902093,0.730428865872646
"Cephalopoda","Oegopsida","Cranchiidae","Teuthowenia","Teuthowenia megalops","species",NA,NA,1.69,NA,NA,NA,0,0,1,0,0,0,NA,NA,NA,NA,NA,NA
"Actinopterygii","Osmeriformes","Osmeridae","Thaleichthys","Thaleichthys pacificus","species",17.4671666666667,12.2622,10.0120790913725,17.4671666666667,12.2622,10.0120790913725,60,50,51,60,50,51,2.70183559177307,0.672920197227528,1.38433835589674,2.70183559177307,0.672920197227528,1.38433835589674
"Malacostraca","Amphipoda","Hyperiidae","Themisto","Themisto gaudichaudii","species",2.4475,7.5,2.9935,NA,NA,NA,4,1,2,0,0,0,0.85562355429632,NA,0.160513239329347,NA,NA,NA
"Thaliacea","Salpida","Salpidae","Thetys","Thetys vagina","species",0.231094285714286,0.19107,NA,0.231094285714286,0.19107,NA,7,1,0,7,1,0,0.155293165427753,NA,NA,0.155293165427753,NA,NA
"Malacostraca","Euphausiacea","Euphausiidae","Thysanoessa","Thysanoessa spinifera","species",3.56924,NA,3.49430835882353,3.56924,NA,3.49430835882353,10,0,17,10,0,17,1.25944373541126,NA,0.941623153557669,1.25944373541126,NA,0.941623153557669
"Malacostraca","Euphausiacea","Euphausiidae","Thysanoessa","Thysanoessa spp.","genus",NA,NA,3.11,NA,NA,3.11,0,0,1,0,0,1,NA,NA,NA,NA,NA,NA
"Cephalopoda","Oegopsida","Ommastrephidae","Todarodes","Todarodes pacificus","species",1.935,17.675,3.75,1.935,17.675,3.75,1,1,1,1,1,1,NA,NA,NA,NA,NA,NA
"Cephalopoda","Oegopsida","Ommastrephidae","Todarodes","Todarodes sagittatus","species",6.36,NA,4.01,NA,NA,NA,2,0,1,0,0,0,6.59023520065862,NA,NA,NA,NA,NA
"Cephalopoda","Oegopsida","Ommastrephidae","Todaropsis","Todaropsis eblanae","species",2.4,18,4.4,NA,NA,NA,1,1,1,0,0,0,NA,NA,NA,NA,NA,NA
"Actinopterygii","Perciformes","Carangidae","Trachurus","Trachurus japonicus","species",21.41,3.71,5.64,21.41,3.71,5.64,1,1,1,1,1,1,NA,NA,NA,NA,NA,NA
"Actinopterygii","Perciformes","Carangidae","Trachurus","Trachurus symmetricus","species",6.4,NA,6.4,6.4,NA,6.4,1,0,1,1,0,1,NA,NA,NA,NA,NA,NA
"Actinopterygii","Perciformes","Carangidae","Trachurus","Trachurus trachurus","species",3.2,18,5.7607,NA,NA,NA,3,3,4,0,0,0,1.9672315572906,1.70880074906351,1.25443292367508,NA,NA,NA
"Actinopterygii","Perciformes","Trichiuridae","Trichiurus","Trichiurus lepturus","species",3.4,17.3,4.18,NA,NA,NA,1,1,1,0,0,0,NA,NA,NA,NA,NA,NA
"Actinopterygii","Myctophiformes","Myctophidae","Triphoturus","Triphoturus mexicanus","species",12.6166666666667,8.8,8.74623246520587,12.6166666666667,8.8,8.74623246520587,6,1,6,6,1,6,2.13861325785348,NA,1.04456140766296,2.13861325785348,NA,1.04456140766296
"Cephalopoda","Vampyromorpha","Vampyroteuthidae","Vampyroteuthis","Vampyroteuthis infernalis","species",NA,NA,0.59509464846,NA,NA,0.59509464846,0,0,5,0,0,5,NA,NA,0.270832345550712,NA,NA,0.270832345550712
"Actinopterygii","Stomiiformes","Phosichthyidae","Vinciguerria","Vinciguerria lucetia","species",NA,NA,5.175,NA,NA,5.175,0,0,2,0,0,2,NA,NA,0.0353553390593273,NA,NA,0.0353553390593273
"Actinopterygii","Perciformes","Zaproridae","Zaprora","Zaprora silenus","species",1.723125,10.26,2.925,1.723125,10.26,2.925,4,2,2,4,2,2,0.497676329723111,0.395979797464466,0.120208152801713,0.497676329723111,0.395979797464466,0.120208152801713
